id,inspector_id,programa_id,created_at
1,1,0,2019/07/08 12:00
2,2,0,2019/07/08 12:03
3,3,1,2019/08/19 11:37
4,4,2,2019/09/25 14:21
5,5,4,2019/10/02 16:31
6,6,6,2019/10/02 16:33
7,7,8,2019/10/02 17:38
8,8,9,2019/10/02 17:38
9,9,11,2019/10/02 17:39
10,10,13,2019/10/02 17:39
11,11,14,2019/10/02 17:40
12,12,19,2019/10/02 17:42
13,13,18,2019/10/02 17:42
14,14,22,2019/10/03 15:45
15,15,17,2019/10/03 15:47
16,16,20,2019/10/03 15:48
17,17,15,2019/10/03 15:50
18,18,23,2019/10/04 15:33
19,19,25,2019/10/10 18:10
20,20,26,2019/10/10 18:11
21,21,27,2019/10/10 18:11
22,22,28,2019/10/14 22:02
23,23,31,2019/10/17 13:43
24,24,32,2019/10/18 14:31
25,25,35,2019/10/24 16:45
26,26,16,2019/10/25 16:15
27,27,40,2019/10/29 15:07
28,28,37,2019/10/29 15:10
29,29,34,2019/10/29 15:11
30,30,33,2019/10/29 15:12
31,31,38,2019/10/31 13:21
32,32,7,2019/11/04 11:39
33,33,21,2019/11/04 12:38
34,34,51,2019/11/04 13:22
35,35,45,2019/11/05 14:10
36,36,46,2019/11/05 14:12
37,37,50,2019/11/05 14:13
38,38,52,2019/11/06 14:47
39,39,55,2019/11/06 14:48
40,40,56,2019/11/06 14:49
41,41,41,2019/11/08 11:54
42,42,69,2019/11/09 12:05
43,43,72,2019/11/19 10:52
44,44,76,2019/11/19 10:55
45,45,78,2019/11/19 10:56
46,46,75,2019/11/19 10:58
47,47,74,2019/11/19 10:59
48,48,70,2019/11/19 11:00
49,49,71,2019/11/19 11:01
50,50,100,2019/11/29 12:34
51,51,84,2019/11/29 12:35
52,52,81,2019/11/29 12:37
53,53,94,2019/11/29 14:39
54,54,96,2019/11/29 17:21
55,55,79,2019/11/29 17:23
56,56,93,2019/11/29 17:33
57,57,91,2019/11/29 17:34
58,58,77,2019/11/29 17:35
59,59,73,2019/11/29 17:44
60,60,83,2019/11/29 17:51
61,61,82,2019/11/29 17:57
62,62,80,2019/12/03 14:02
63,63,104,2019/12/03 14:03
64,64,92,2019/12/03 14:11
65,65,113,2019/12/09 12:01
66,66,111,2019/12/09 12:05
67,67,112,2019/12/11 11:10
68,68,122,2019/12/12 11:49
69,69,129,2019/12/12 14:04
70,70,130,2019/12/12 14:05
71,71,126,2019/12/12 14:06
72,72,127,2019/12/12 14:10
73,73,134,2019/12/12 16:29
74,74,114,2019/12/12 17:21
75,75,135,2019/12/13 16:59
76,76,136,2019/12/16 14:00
77,77,146,2019/12/20 15:39
78,78,139,2020/01/07 11:27
79,79,152,2020/01/07 13:06
80,80,155,2020/01/07 13:06
81,81,118,2020/01/10 13:29
82,82,163,2020/01/13 10:06
83,83,164,2020/01/15 12:14
84,84,167,2020/01/15 12:16
85,85,170,2020/01/15 12:17
86,86,172,2020/01/15 12:33
87,87,133,2020/01/15 15:00
88,88,178,2020/01/16 15:10
89,89,185,2020/01/17 12:40
90,90,194,2020/01/28 15:53
91,91,193,2020/01/28 15:55
92,92,197,2020/01/28 17:14
93,93,198,2020/01/28 17:18
94,94,200,2020/01/31 16:30
95,95,179,2020/02/04 15:50
96,96,203,2020/02/05 12:09
97,97,205,2020/02/06 15:50
98,98,207,2020/02/14 17:36
99,99,209,2020/02/20 10:40
100,100,214,2020/02/20 10:41
101,101,213,2020/02/20 11:12
102,102,216,2020/02/20 16:45
103,103,218,2020/02/24 12:17
104,104,221,2020/02/24 12:20
105,105,225,2020/02/24 15:19
106,106,227,2020/02/26 11:05
107,107,230,2020/02/27 12:48
108,108,228,2020/03/02 10:51
109,109,232,2020/03/02 12:47
110,110,226,2020/03/03 13:15
111,111,234,2020/03/03 13:45
112,112,235,2020/03/03 17:53
113,113,239,2020/03/04 13:30
114,114,206,2020/03/05 12:57
115,115,208,2020/03/05 13:00
116,116,210,2020/03/05 13:01
117,117,241,2020/03/06 13:08
118,118,220,2020/03/09 13:28
119,119,242,2020/03/11 10:46
120,120,248,2020/03/11 17:48
121,121,249,2020/03/12 13:45
122,122,250,2020/03/12 14:10
123,123,141,2020/04/27 18:12
124,124,142,2020/04/27 18:14
125,125,140,2020/04/27 18:17
126,126,282,2020/04/27 19:04
127,127,284,2020/04/27 19:05
128,128,283,2020/04/27 19:05
129,129,287,2020/05/12 18:47
130,130,289,2020/05/12 18:50
131,131,290,2020/05/12 18:52
132,132,288,2020/05/12 18:53
133,133,295,2020/05/19 14:29
134,134,292,2020/05/19 16:04
135,135,281,2020/05/19 16:18
136,136,251,2020/05/22 15:18
137,137,240,2020/05/22 15:25
138,138,286,2020/05/22 15:46
139,139,271,2020/05/22 16:27
140,140,280,2020/05/25 12:19
141,141,191,2020/05/25 12:26
142,142,273,2020/05/25 14:03
143,143,272,2020/05/25 14:27
144,144,244,2020/05/25 14:39
145,145,296,2020/05/27 13:11
146,146,301,2020/06/01 14:20
147,147,190,2020/06/05 13:02
148,148,215,2020/06/05 13:24
149,149,223,2020/06/05 13:39
150,150,224,2020/06/05 13:52
151,151,229,2020/06/05 14:21
152,152,233,2020/06/05 15:24
153,153,236,2020/06/05 16:56
154,154,299,2020/06/08 13:16
155,155,303,2020/06/08 14:11
156,156,303,2020/06/08 14:11
157,157,304,2020/06/08 15:00
158,158,302,2020/06/09 11:03
159,159,237,2020/06/09 13:45
160,160,238,2020/06/09 14:04
161,161,297,2020/06/09 15:54
162,162,300,2020/06/09 16:39
163,163,315,2020/06/11 17:24
164,164,305,2020/06/12 11:59
165,165,306,2020/06/12 12:17
166,166,311,2020/06/12 14:57
167,167,312,2020/06/12 15:37
168,168,313,2020/06/12 15:48
169,169,314,2020/06/18 11:55
170,170,319,2020/06/18 12:06
171,171,308,2020/06/18 12:23
172,172,318,2020/06/18 12:54
173,173,309,2020/06/18 13:30
174,174,298,2020/06/18 13:43
175,175,310,2020/06/19 11:51
176,176,254,2020/06/25 13:58
177,177,252,2020/06/25 13:59
178,178,253,2020/06/25 14:00
179,179,316,2020/06/25 14:33
180,180,325,2020/06/25 14:40
181,181,326,2020/06/29 12:21
182,183,39,2020/06/29 16:33
183,184,330,2020/06/30 15:06
184,185,327,2020/06/30 16:19
185,186,320,2020/06/30 16:24
186,187,317,2020/06/30 16:33
187,188,332,2020/07/03 11:33
188,189,329,2020/07/03 11:34
189,190,331,2020/07/03 12:29
190,191,323,2020/07/03 13:00
191,192,102,2020/07/03 16:59
192,193,131,2020/07/03 17:21
193,194,138,2020/07/03 17:51
194,195,328,2020/07/06 12:01
195,196,338,2020/07/06 16:14
196,197,339,2020/07/06 17:58
197,198,337,2020/07/09 11:01
198,199,344,2020/07/14 16:43
199,200,342,2020/07/16 12:06
200,201,341,2020/07/16 12:11
201,202,335,2020/07/16 12:18
202,203,334,2020/07/16 12:32
203,204,333,2020/07/16 12:37
204,205,343,2020/07/16 15:03
205,206,321,2020/07/16 17:23
206,207,345,2020/07/23 13:53
207,208,348,2020/07/23 13:55
208,209,347,2020/07/23 15:16
209,210,346,2020/07/23 15:17
210,211,307,2020/07/23 16:40
211,212,336,2020/07/28 12:21
212,213,361,2020/08/19 17:27
213,214,359,2020/08/19 17:27
214,215,360,2020/08/19 17:27
215,216,364,2020/08/20 12:18
216,217,367,2020/08/20 13:26
217,218,366,2020/08/24 17:27
218,219,363,2020/09/01 12:05
219,220,368,2020/09/01 12:05
220,221,369,2020/09/01 12:06
221,222,376,2020/09/01 12:29
222,223,370,2020/09/01 13:12
223,224,10,2020/09/01 17:42
224,225,382,2020/09/04 16:02
225,226,374,2020/09/04 16:03
226,227,387,2020/09/08 15:10
227,228,373,2020/09/08 15:10
228,229,379,2020/09/08 15:11
229,230,386,2020/09/08 15:12
230,231,385,2020/09/08 15:13
231,232,380,2020/09/08 15:13
232,233,388,2020/09/10 15:47
233,234,383,2020/09/10 15:47
234,235,372,2020/09/10 17:45
235,236,375,2020/09/10 17:46
236,237,351,2020/09/22 16:53
237,238,390,2020/10/01 13:16
238,239,391,2020/10/01 13:17
239,240,377,2020/10/01 14:04
240,241,378,2020/10/01 14:04
241,242,401,2020/10/01 14:05
242,243,403,2020/10/01 14:06
243,244,394,2020/10/02 16:02
244,245,365,2020/10/06 17:24
245,246,432,2020/10/30 13:29
246,247,433,2020/10/30 13:30
247,248,438,2020/10/30 13:31
248,249,449,2020/10/30 13:31
249,250,442,2020/10/30 14:33
250,251,445,2020/10/30 14:34
251,252,446,2020/10/30 14:34
252,253,448,2020/11/03 14:21
253,254,435,2020/11/03 14:30
254,255,431,2020/11/03 14:37
255,256,436,2020/11/03 15:50
256,257,439,2020/11/03 16:04
257,258,440,2020/11/03 16:05
258,259,450,2020/11/03 16:11
259,260,441,2020/11/03 16:24
260,261,423,2020/11/06 15:59
261,262,396,2020/11/06 16:06
262,263,452,2020/11/09 15:54
263,264,422,2020/11/09 16:06
264,265,389,2020/11/13 13:33
265,266,466,2020/11/13 15:01
266,267,465,2020/11/13 15:01
267,268,460,2020/11/13 15:02
268,269,454,2020/11/13 15:02
269,270,434,2020/11/13 15:04
270,271,257,2020/11/20 16:34
271,272,259,2020/11/20 16:35
272,273,260,2020/11/20 16:35
273,274,258,2020/11/20 16:36
274,275,428,2020/11/24 12:51
275,276,107,2020/11/24 13:09
276,277,420,2020/11/24 14:01
277,278,469,2020/11/24 15:00
278,279,468,2020/11/24 15:00
279,280,458,2020/11/24 15:03
280,281,430,2020/11/24 16:58
281,282,462,2020/11/24 17:25
282,283,457,2020/11/24 17:26
283,284,456,2020/11/24 17:26
284,285,455,2020/11/24 17:27
285,286,274,2020/11/26 12:12
286,287,263,2020/11/26 16:23
287,288,145,2020/11/27 13:32
288,289,105,2020/11/27 13:33
289,290,128,2020/11/27 13:34
290,291,30,2020/11/27 13:38
291,292,98,2020/11/27 13:39
292,293,151,2020/11/27 13:51
293,294,157,2020/11/27 13:57
294,295,149,2020/11/27 13:59
295,296,120,2020/11/27 14:00
296,297,119,2020/11/27 14:01
297,298,150,2020/11/27 14:02
298,299,121,2020/11/27 14:05
299,300,101,2020/11/30 14:12
300,301,160,2020/12/01 12:11
301,302,115,2020/12/01 12:18
302,303,184,2020/12/02 13:29
303,304,188,2020/12/02 14:33
304,305,180,2020/12/02 14:53
305,306,43,2020/12/03 12:30
306,307,44,2020/12/03 12:31
307,308,49,2020/12/03 12:32
308,309,90,2020/12/03 12:42
309,310,322,2021/01/07 13:08
310,311,293,2021/01/07 13:09
311,312,294,2021/01/07 13:13
312,313,463,2021/01/07 16:27
313,314,285,2021/01/07 17:15
314,315,577,2021/02/22 17:46
315,316,669,2021/04/20 14:56
316,317,677,2021/04/28 11:53
317,318,678,2021/04/28 12:34
318,319,679,2021/04/28 13:16
319,320,681,2021/04/28 14:09
320,321,670,2021/05/11 12:48
321,322,671,2021/05/11 13:10
322,323,675,2021/05/11 13:35
323,324,672,2021/05/11 14:16
324,325,673,2021/05/12 12:34
325,326,666,2021/05/14 14:31
326,327,668,2021/05/14 14:49
327,328,667,2021/05/17 13:35
328,329,716,2021/06/03 11:42
329,330,560,2021/06/08 13:54
330,331,558,2021/06/08 14:00
331,332,509,2021/06/08 14:02
332,333,519,2021/06/08 14:02
333,334,485,2021/06/08 14:05
334,335,489,2021/06/08 14:20
335,336,492,2021/06/08 14:50
336,337,486,2021/06/08 14:52
337,338,481,2021/06/08 14:53
338,339,575,2021/06/08 14:58
339,340,576,2021/06/08 14:59
340,341,488,2021/06/08 15:02
341,342,563,2021/06/08 15:04
342,343,552,2021/06/08 15:07
343,344,421,2021/06/14 12:08
344,345,459,2021/06/15 14:13
345,346,291,2021/06/15 14:14
346,347,722,2021/06/17 12:25
347,348,724,2021/06/17 12:26
348,349,760,2021/06/17 17:10
349,350,728,2021/06/17 17:31
350,351,0,2021/06/18 16:40
351,352,0,2021/06/18 16:42
352,353,732,2021/06/18 17:51
353,354,725,2021/06/18 17:54
354,355,719,2021/06/22 11:57
355,356,358,2021/06/28 13:03
356,357,727,2021/07/08 13:41
357,358,212,2021/07/08 13:43
358,359,793,2021/07/08 15:11
359,360,795,2021/07/14 12:27
360,361,796,2021/07/14 12:57
361,362,797,2021/07/14 12:58
362,363,798,2021/07/14 12:59
363,364,522,2021/07/20 18:28
364,365,532,2021/07/20 18:50
365,366,821,2021/07/22 16:48
366,367,822,2021/07/22 16:50
367,368,816,2021/07/22 16:53
368,369,825,2021/07/22 16:55
369,370,824,2021/07/22 16:57
370,371,187,2021/07/22 16:57
371,372,826,2021/07/22 16:59
372,373,834,2021/07/22 17:01
373,374,499,2021/07/22 17:08
374,375,817,2021/07/22 17:15
375,376,813,2021/07/22 17:28
376,377,782,2021/07/22 17:36
377,378,809,2021/07/22 17:40
378,379,783,2021/07/22 17:45
379,380,781,2021/07/22 18:03
380,381,833,2021/07/22 18:07
381,382,788,2021/07/22 18:10
382,383,784,2021/07/22 18:12
383,384,837,2021/07/22 18:15
384,385,785,2021/07/22 18:17
385,386,786,2021/07/22 18:33
386,387,780,2021/07/22 18:34
387,388,820,2021/07/27 18:00
388,389,815,2021/07/27 18:06
389,390,848,2021/07/29 11:07
390,391,828,2021/08/03 13:42
391,392,829,2021/08/03 14:08
392,393,830,2021/08/03 14:11
393,394,831,2021/08/03 14:13
394,395,832,2021/08/03 14:14
395,396,855,2021/08/05 11:23
396,397,868,2021/08/10 11:38
397,398,869,2021/08/10 11:38
398,399,870,2021/08/10 11:39
399,400,871,2021/08/10 11:39
400,401,872,2021/08/10 11:48
401,402,882,2021/08/11 17:10
402,403,278,2021/08/18 18:00
403,404,898,2021/08/30 12:44
404,405,863,2021/08/31 13:04
405,406,864,2021/08/31 13:07
406,407,865,2021/08/31 13:08
407,408,866,2021/08/31 13:09
408,409,867,2021/08/31 13:10
409,410,876,2021/08/31 13:12
410,411,878,2021/08/31 13:13
411,412,879,2021/08/31 13:16
412,413,885,2021/08/31 13:17
413,414,886,2021/08/31 13:19
414,415,887,2021/08/31 13:20
415,416,888,2021/08/31 13:21
416,417,889,2021/08/31 13:22
417,418,550,2021/09/06 13:56
418,419,219,2021/09/08 17:19
419,420,819,2021/09/08 17:25
420,421,827,2021/09/09 13:01
421,422,895,2021/09/09 13:05
422,423,896,2021/09/09 13:07
423,424,906,2021/09/09 13:11
424,425,204,2021/09/10 16:06
425,426,538,2021/09/10 16:10
426,427,553,2021/09/10 16:13
427,428,557,2021/09/13 14:03
428,429,556,2021/09/13 14:06
429,430,540,2021/09/13 14:10
430,431,549,2021/09/13 14:15
431,432,542,2021/09/13 14:19
432,433,521,2021/09/13 14:24
433,434,566,2021/09/13 14:33
434,435,567,2021/09/13 14:36
435,436,568,2021/09/13 14:40
436,437,524,2021/09/13 14:53
437,438,570,2021/09/13 14:58
438,439,571,2021/09/13 15:05
439,440,574,2021/09/13 15:07
440,441,536,2021/09/13 15:10
441,442,572,2021/09/13 15:12
442,443,573,2021/09/13 15:15
443,444,920,2021/09/13 16:58
444,445,919,2021/09/13 17:05
445,446,918,2021/09/13 17:20
446,447,916,2021/09/13 17:34
447,448,915,2021/09/13 17:40
448,449,914,2021/09/13 17:43
449,450,913,2021/09/13 17:44
450,451,912,2021/09/13 17:47
451,452,900,2021/09/13 17:49
452,453,856,2021/09/13 17:53
453,454,854,2021/09/13 17:56
454,455,852,2021/09/13 17:58
455,456,843,2021/09/13 18:00
456,457,924,2021/09/15 15:37
457,458,545,2021/09/15 17:53
458,459,922,2021/09/17 12:18
459,460,923,2021/09/17 13:56
460,461,243,2021/09/20 15:02
461,462,791,2021/10/07 12:43
462,463,965,2021/10/07 12:52
463,464,899,2021/10/13 14:26
464,465,1047,2021/10/15 10:55
465,466,1042,2021/10/15 16:02
466,467,989,2021/10/19 10:53
467,468,990,2021/10/19 10:53
468,469,991,2021/10/19 10:54
469,470,1028,2021/10/20 15:17
470,471,1043,2021/10/20 15:19
471,472,1152,2021/10/22 09:42
472,473,1151,2021/10/22 09:43
473,474,862,2021/10/26 15:02
474,475,874,2021/10/26 15:03
475,476,875,2021/10/26 15:03
476,477,877,2021/10/26 15:04
477,478,880,2021/10/26 15:05
478,479,890,2021/10/26 15:05
479,480,1149,2021/10/27 08:15
480,481,929,2021/10/28 10:07
481,482,697,2021/10/28 10:11
482,483,720,2021/10/28 10:12
483,484,726,2021/10/28 10:20
484,485,729,2021/10/28 10:21
485,486,739,2021/10/28 10:28
486,487,766,2021/10/28 10:30
487,488,839,2021/10/28 10:31
488,489,849,2021/10/29 10:40
489,490,851,2021/10/29 10:42
490,491,850,2021/10/29 10:43
491,492,847,2021/10/29 10:45
492,493,846,2021/10/29 10:46
493,494,502,2021/10/29 10:55
494,495,857,2021/10/29 11:08
495,496,858,2021/10/29 11:09
496,497,799,2021/10/29 11:10
497,498,1033,2021/11/10 09:58
498,499,1104,2021/11/11 13:21
499,500,1147,2021/11/17 13:32
500,501,925,2021/11/17 17:04
501,502,1055,2021/11/18 12:51
502,503,873,2021/11/18 16:28
503,504,883,2021/11/18 16:28
504,505,968,2021/11/18 17:22
505,506,969,2021/11/18 17:22
506,507,1014,2021/11/19 12:12
507,508,985,2021/11/19 12:15
508,509,997,2021/11/19 12:16
509,510,983,2021/11/19 12:17
510,511,988,2021/11/19 12:19
511,512,987,2021/11/19 12:19
512,513,1012,2021/11/19 12:21
513,514,984,2021/11/19 12:21
514,515,995,2021/11/19 12:22
515,516,996,2021/11/19 12:23
516,517,1018,2021/11/19 12:24
517,518,986,2021/11/19 12:25
518,519,999,2021/11/19 12:27
519,520,1035,2021/11/19 12:28
520,521,1006,2021/11/19 12:29
521,522,702,2021/11/23 10:27
522,523,703,2021/11/23 11:57
523,524,1059,2021/11/24 16:58
524,525,1308,2021/12/01 10:16
525,526,1309,2021/12/01 10:17
526,527,1296,2021/12/01 10:18
527,528,1299,2021/12/01 10:19
528,529,1304,2021/12/01 10:19
529,530,1300,2021/12/01 10:20
530,531,1302,2021/12/01 10:20
531,532,1301,2021/12/01 10:21
532,533,1306,2021/12/01 10:21
533,534,1307,2021/12/01 10:22
534,535,1007,2021/12/01 10:23
535,536,265,2021/12/01 16:45
536,537,267,2021/12/01 16:46
537,538,266,2021/12/02 12:32
538,539,1008,2021/12/02 12:37
539,540,1310,2021/12/03 13:34
540,541,1313,2021/12/06 10:48
541,542,1314,2021/12/06 10:50
542,543,1316,2021/12/06 10:51
543,544,1317,2021/12/06 10:51
544,545,1318,2021/12/06 10:52
545,546,1319,2021/12/06 10:53
546,547,975,2021/12/07 11:45
547,548,980,2021/12/07 11:46
548,549,977,2021/12/07 11:47
549,550,976,2021/12/07 11:47
550,551,982,2021/12/07 11:48
551,552,979,2021/12/07 11:49
552,553,1312,2021/12/09 11:52
553,554,1325,2021/12/09 11:52
554,555,1326,2021/12/09 11:53
555,556,1327,2021/12/09 11:54
556,557,1328,2021/12/09 11:54
557,558,1329,2021/12/09 11:55
558,559,1019,2021/12/13 11:26
559,560,1020,2021/12/13 11:27
560,561,1021,2021/12/13 11:28
561,562,1022,2021/12/13 11:28
562,563,1023,2021/12/13 11:29
563,564,1024,2021/12/13 11:29
564,565,1025,2021/12/13 11:31
565,566,1026,2021/12/13 11:31
566,567,1027,2021/12/13 11:32
567,568,1333,2021/12/13 13:35
568,569,978,2021/12/13 13:43
569,570,973,2021/12/13 13:44
570,571,1332,2021/12/13 13:49
571,572,1334,2021/12/13 13:49
572,573,1315,2021/12/13 14:24
573,574,1335,2021/12/13 14:25
574,575,1029,2021/12/13 14:26
575,576,1051,2021/12/13 14:26
576,577,974,2021/12/13 14:27
577,578,1070,2021/12/13 14:29
578,579,917,2021/12/13 16:47
579,580,534,2021/12/14 12:32
580,581,711,2021/12/14 13:14
581,582,707,2021/12/14 13:31
582,583,1289,2021/12/15 12:12
583,584,1343,2021/12/15 16:46
584,585,1346,2021/12/15 16:47
585,586,1345,2021/12/15 16:47
586,587,1337,2021/12/15 16:48
587,588,1347,2021/12/15 16:49
588,589,1336,2021/12/15 16:50
589,590,1295,2021/12/15 16:50
590,591,708,2021/12/16 11:13
591,592,698,2021/12/16 11:24
592,593,881,2021/12/16 11:35
593,594,700,2021/12/16 11:43
594,595,838,2021/12/16 11:50
595,596,693,2021/12/16 11:56
596,597,706,2021/12/16 12:01
597,598,699,2021/12/16 12:03
598,599,686,2021/12/16 12:04
599,600,892,2021/12/16 12:06
600,601,687,2021/12/16 12:08
601,602,721,2021/12/16 12:10
602,603,1184,2021/12/16 12:11
603,604,694,2021/12/16 12:13
604,605,1259,2021/12/16 12:15
605,606,1201,2021/12/16 12:16
606,607,1170,2021/12/16 12:17
607,608,712,2021/12/16 12:19
608,609,690,2021/12/16 12:20
609,610,1168,2021/12/16 12:21
610,611,1213,2021/12/16 12:23
611,612,1200,2021/12/16 12:25
612,613,685,2021/12/16 12:26
613,614,1171,2021/12/16 12:26
614,615,691,2021/12/16 12:27
615,616,691,2021/12/16 12:27
616,617,908,2021/12/16 12:28
617,618,1340,2022/01/03 11:21
618,619,1352,2022/01/04 10:27
619,620,1350,2022/01/04 10:33
620,621,1349,2022/01/04 10:35
621,622,1353,2022/01/04 10:35
622,623,174,2022/01/04 16:26
623,624,1197,2022/01/06 16:09
624,625,745,2022/01/07 10:48
625,626,746,2022/01/07 10:50
626,627,747,2022/01/07 10:55
627,628,762,2022/01/07 10:55
628,629,749,2022/01/07 11:16
629,630,752,2022/01/07 11:19
630,631,751,2022/01/07 11:22
631,632,1367,2022/01/10 11:07
632,633,1348,2022/01/10 11:07
633,634,1369,2022/01/10 11:09
634,635,1344,2022/01/10 11:18
635,636,1363,2022/01/10 11:19
636,637,1370,2022/01/10 11:24
637,638,1375,2022/01/10 13:56
638,639,1374,2022/01/10 14:08
639,640,841,2022/01/10 14:16
640,641,1376,2022/01/10 14:52
641,642,992,2022/01/11 12:37
642,643,1378,2022/01/11 13:58
643,644,1379,2022/01/11 14:35
644,645,953,2022/01/13 11:53
645,646,861,2022/01/13 11:55
646,647,487,2022/01/13 11:56
647,648,949,2022/01/13 11:59
648,649,950,2022/01/13 12:00
649,650,954,2022/01/13 12:01
650,651,961,2022/01/13 12:04
651,652,959,2022/01/13 12:06
652,653,952,2022/01/13 12:07
653,654,962,2022/01/13 12:08
654,655,956,2022/01/13 12:09
655,656,947,2022/01/13 12:10
656,657,955,2022/01/13 12:11
657,658,960,2022/01/13 12:13
658,659,951,2022/01/13 12:19
659,660,1160,2022/01/24 12:34
660,661,1161,2022/01/24 12:35
661,662,1163,2022/01/24 12:35
662,663,1164,2022/01/24 12:36
663,664,1166,2022/01/24 12:36
664,665,1167,2022/01/24 12:37
665,666,1172,2022/01/24 12:37
666,667,1174,2022/01/24 12:38
667,668,1175,2022/01/24 12:38
668,669,1177,2022/01/24 13:25
669,670,1178,2022/01/24 13:25
670,671,1179,2022/01/24 13:26
671,672,1191,2022/01/24 13:26
672,673,1192,2022/01/24 13:27
673,674,1196,2022/01/24 13:28
674,675,1199,2022/01/24 13:28
675,676,1204,2022/01/24 13:29
676,677,1205,2022/01/24 13:29
677,678,1206,2022/01/24 13:30
678,679,1207,2022/01/24 14:35
679,680,1208,2022/01/24 14:35
680,681,1209,2022/01/24 14:36
681,682,1210,2022/01/24 14:36
682,683,1212,2022/01/24 15:08
683,684,482,2022/01/25 16:27
684,685,1218,2022/02/01 14:09
685,686,1219,2022/02/01 14:11
686,687,1221,2022/02/01 14:11
687,688,1224,2022/02/01 14:12
688,689,1227,2022/02/01 14:12
689,690,1230,2022/02/01 14:13
690,691,1231,2022/02/01 14:15
691,692,1232,2022/02/01 14:15
692,693,1235,2022/02/01 14:16
693,694,1236,2022/02/01 14:16
694,695,1240,2022/02/01 14:17
695,696,1248,2022/02/01 14:19
696,697,1249,2022/02/01 14:19
697,698,1253,2022/02/01 14:20
698,699,1255,2022/02/01 14:21
699,700,1261,2022/02/01 14:21
700,701,1262,2022/02/01 14:22
701,702,1263,2022/02/01 14:23
702,703,1266,2022/02/01 14:24
703,704,1267,2022/02/01 14:25
704,705,1268,2022/02/01 14:26
705,706,1269,2022/02/01 14:26
706,707,1271,2022/02/01 14:28
707,708,1272,2022/02/01 14:28
708,709,1277,2022/02/01 14:29
709,710,1280,2022/02/01 14:29
710,711,1281,2022/02/01 14:30
711,712,1282,2022/02/01 14:30
712,713,1283,2022/02/01 14:31
713,714,1284,2022/02/01 14:32
714,715,1287,2022/02/01 14:32
715,716,471,2022/02/02 11:57
716,717,491,2022/02/02 11:58
717,718,578,2022/02/02 11:59
718,719,580,2022/02/02 11:59
719,720,581,2022/02/02 12:00
720,721,582,2022/02/02 12:01
721,722,583,2022/02/02 12:01
722,723,584,2022/02/02 12:02
723,724,585,2022/02/02 12:03
724,725,586,2022/02/02 12:03
725,726,587,2022/02/02 12:04
726,727,588,2022/02/02 12:05
727,728,589,2022/02/02 12:06
728,729,590,2022/02/02 12:06
729,730,591,2022/02/02 12:07
730,731,592,2022/02/02 12:07
731,732,593,2022/02/02 12:08
732,733,594,2022/02/02 12:09
733,734,595,2022/02/02 12:10
734,735,596,2022/02/02 12:10
735,736,597,2022/02/02 12:11
736,737,598,2022/02/02 12:12
737,738,599,2022/02/02 12:12
738,739,600,2022/02/02 12:13
739,740,601,2022/02/02 12:13
740,741,602,2022/02/02 12:14
741,742,603,2022/02/02 12:15
742,743,604,2022/02/02 12:15
743,744,605,2022/02/02 12:16
744,745,607,2022/02/02 12:16
745,746,608,2022/02/02 12:17
746,747,610,2022/02/02 12:17
747,748,611,2022/02/02 12:18
748,749,612,2022/02/02 12:18
749,750,613,2022/02/02 12:19
750,751,614,2022/02/02 12:20
751,752,615,2022/02/02 12:30
752,753,616,2022/02/02 12:31
753,754,618,2022/02/02 12:32
754,755,619,2022/02/02 12:33
755,756,620,2022/02/02 12:33
756,757,621,2022/02/02 12:34
757,758,622,2022/02/02 12:36
758,759,623,2022/02/02 12:37
759,760,625,2022/02/02 12:37
760,761,626,2022/02/02 12:38
761,762,627,2022/02/02 12:39
762,763,628,2022/02/02 12:40
763,764,629,2022/02/02 12:43
764,765,630,2022/02/02 12:43
765,766,631,2022/02/02 12:44
766,767,632,2022/02/02 12:44
767,768,633,2022/02/02 12:45
768,769,634,2022/02/02 12:45
769,770,635,2022/02/02 12:46
770,771,636,2022/02/02 12:47
771,772,794,2022/02/02 12:48
772,773,665,2022/02/02 12:48
773,774,664,2022/02/02 12:49
774,775,663,2022/02/02 12:49
775,776,662,2022/02/02 12:49
776,777,661,2022/02/02 12:50
777,778,660,2022/02/02 12:51
778,779,659,2022/02/02 12:52
779,780,658,2022/02/02 12:53
780,781,657,2022/02/02 12:54
781,782,656,2022/02/02 12:54
782,783,655,2022/02/02 12:55
783,784,654,2022/02/02 12:55
784,785,653,2022/02/02 12:56
785,786,652,2022/02/02 12:57
786,787,650,2022/02/02 12:57
787,788,649,2022/02/02 12:58
788,789,648,2022/02/02 12:58
789,790,647,2022/02/02 12:59
790,791,646,2022/02/02 12:59
791,792,645,2022/02/02 13:00
792,793,644,2022/02/02 13:00
793,794,643,2022/02/02 13:01
794,795,642,2022/02/02 13:01
795,796,641,2022/02/02 13:02
796,797,640,2022/02/02 13:03
797,798,639,2022/02/02 13:03
798,799,638,2022/02/02 13:04
799,800,637,2022/02/02 13:04
800,801,1010,2022/02/09 09:56
801,802,793,2022/02/09 12:27
802,803,801,2022/02/09 12:27
803,804,823,2022/02/09 12:34
804,805,1077,2022/02/09 14:08
805,806,1425,2022/02/09 14:10
806,807,793,2022/02/09 16:57
807,808,1143,2022/02/10 10:03
808,809,810,2022/02/10 16:32
809,810,1216,2022/02/21 16:41
810,811,1238,2022/02/21 16:42
811,812,1243,2022/02/21 16:42
812,813,1254,2022/02/21 16:43
813,814,1257,2022/02/21 16:43
814,815,1265,2022/02/21 16:44
815,816,1270,2022/02/21 16:45
816,817,1273,2022/02/21 16:45
817,818,1274,2022/02/21 16:46
818,819,1279,2022/02/21 16:46
819,820,1285,2022/02/21 16:47
820,821,1286,2022/02/21 16:47
821,822,944,2022/02/22 16:59
822,823,1430,2022/02/23 14:16
823,824,1338,2022/02/24 12:31
824,825,1321,2022/02/24 12:31
825,826,88,2022/02/28 14:28
826,827,153,2022/02/28 14:29
827,828,154,2022/02/28 14:30
828,829,1148,2022/03/01 15:56
829,830,742,2022/03/01 16:05
830,831,279,2022/03/03 13:37
831,832,836,2022/03/03 13:38
832,833,921,2022/03/03 13:38
833,834,738,2022/03/04 14:58
834,835,1001,2022/03/04 14:59
835,836,1002,2022/03/04 15:00
836,837,1003,2022/03/04 15:01
837,838,1004,2022/03/04 15:02
838,839,1005,2022/03/04 15:03
839,840,97,2022/03/04 15:58
840,841,1169,2022/03/04 15:59
841,842,1322,2022/03/04 16:00
842,843,1469,2022/03/09 09:57
843,844,704,2022/03/09 10:29
844,845,705,2022/03/09 10:31
845,846,710,2022/03/09 10:32
846,847,709,2022/03/09 10:33
847,848,269,2022/03/14 10:48
848,849,268,2022/03/14 10:49
849,850,270,2022/03/14 11:23
850,851,1477,2022/03/15 15:50
851,852,1478,2022/03/15 15:50
852,853,1479,2022/03/15 15:52
853,854,1481,2022/03/16 16:34
854,855,936,2022/03/18 11:21
855,856,939,2022/03/18 11:24
856,857,940,2022/03/18 11:26
857,858,942,2022/03/18 11:26
858,859,943,2022/03/18 11:27
859,860,1426,2022/03/18 11:27
860,861,934,2022/03/18 12:04
861,862,1428,2022/03/18 12:05
862,863,935,2022/03/18 12:14
863,864,1427,2022/03/18 12:14
864,865,1429,2022/03/18 12:25
865,866,818,2022/03/22 13:10
866,867,963,2022/03/22 13:10
867,868,1487,2022/03/30 11:16
868,869,1488,2022/03/30 11:17
869,870,1489,2022/03/30 11:17
870,871,1486,2022/04/01 16:41
871,872,1485,2022/04/01 16:42
872,873,1396,2022/04/04 08:31
873,874,1431,2022/04/04 08:32
874,875,202,2022/04/04 12:44
875,876,1482,2022/04/04 12:46
876,877,1484,2022/04/04 12:48
877,878,1483,2022/04/04 12:48
878,879,1442,2022/04/04 15:22
879,880,1450,2022/04/04 15:23
880,881,1443,2022/04/04 15:24
881,882,1451,2022/04/04 15:25
882,883,1480,2022/04/04 15:26
883,884,1452,2022/04/05 08:52
884,885,1448,2022/04/05 08:52
885,886,1453,2022/04/05 08:53
886,887,1449,2022/04/05 08:53
887,888,1456,2022/04/05 08:55
888,889,1371,2022/05/16 12:07
889,890,1468,2022/05/16 12:07
890,891,1457,2022/05/25 12:02
891,892,1458,2022/05/25 12:02
892,893,1459,2022/05/25 12:03
893,894,1460,2022/05/25 12:03
894,895,1461,2022/05/25 12:03
895,896,1465,2022/05/25 12:04
896,897,1233,2022/05/31 10:08
897,898,1432,2022/05/31 10:08
898,899,1433,2022/05/31 10:08
899,900,1434,2022/05/31 10:09
900,901,1246,2022/06/01 15:58
901,902,1260,2022/06/01 15:59
902,903,1264,2022/06/01 15:59
903,904,1276,2022/06/01 16:00
904,905,1288,2022/06/01 16:01
905,906,1032,2022/06/13 08:42
906,907,1050,2022/06/13 08:42
907,908,1058,2022/06/13 08:43
908,909,1069,2022/06/13 08:43
909,910,1071,2022/06/13 08:50
910,911,1073,2022/06/13 08:50
911,912,1102,2022/06/13 08:51
912,913,1105,2022/06/13 08:51
913,914,1106,2022/06/13 08:53
914,915,1107,2022/06/13 08:54
915,916,1108,2022/06/13 08:56
916,917,1109,2022/06/13 08:56
917,918,1372,2022/06/13 11:05
918,919,1377,2022/06/13 11:19
919,920,1380,2022/06/13 11:40
920,921,1381,2022/06/13 12:46
921,922,1382,2022/06/13 12:47
922,923,1383,2022/06/13 12:48
923,924,1384,2022/06/13 12:49
924,925,1385,2022/06/13 12:50
925,926,1386,2022/06/13 12:53
926,927,1388,2022/06/13 12:54
927,928,1389,2022/06/13 12:57
928,929,1390,2022/06/13 12:58
929,930,1391,2022/06/13 12:59
930,931,1392,2022/06/13 13:00
931,932,1393,2022/06/13 13:01
932,933,1399,2022/06/13 13:03
933,934,1400,2022/06/13 13:04
934,935,1402,2022/06/13 13:05
935,936,1401,2022/06/13 13:06
936,937,1412,2022/06/13 13:07
937,938,1413,2022/06/13 13:08
938,939,1415,2022/06/13 13:09
939,940,1416,2022/06/13 13:10
940,941,1417,2022/06/13 13:11
941,942,1418,2022/06/13 13:12
942,943,1419,2022/06/13 13:12
943,944,1420,2022/06/13 13:13
944,945,1423,2022/06/13 13:14
945,946,1424,2022/06/13 13:14
946,947,1573,2022/06/13 13:16
947,948,1574,2022/06/13 13:17
948,949,1576,2022/06/13 13:18
949,950,1275,2022/06/21 15:22
950,951,1575,2022/06/23 16:26
951,952,1470,2022/06/23 16:27
952,953,1602,2022/07/12 08:28
953,954,750,2022/07/20 12:57
954,955,753,2022/07/20 13:09
955,956,754,2022/07/20 13:10
956,958,1459,2022/08/02 10:59
957,959,1461,2022/08/02 11:00
958,960,744,2022/08/02 11:45
959,961,748,2022/08/02 11:49
960,962,756,2022/08/02 11:50
961,963,757,2022/08/02 11:51
962,964,535,2022/08/17 15:34
963,965,555,2022/08/17 15:36
964,966,539,2022/08/17 15:37
965,967,541,2022/08/17 15:38
966,968,523,2022/08/17 15:39
967,969,510,2022/08/17 15:39
968,970,695,2022/08/17 15:47
969,971,1454,2022/08/17 15:49
970,972,1462,2022/08/17 15:49
971,973,1565,2022/08/17 15:50
972,974,1541,2022/08/17 15:51
973,975,1527,2022/08/17 15:53
974,976,1441,2022/08/17 15:56
975,977,688,2022/08/17 15:57
976,978,1439,2022/08/17 15:58
977,979,893,2022/08/17 16:16
978,980,1643,2022/08/22 11:54
979,981,1645,2022/08/26 11:15
980,982,1607,2022/09/06 12:25
981,983,1440,2022/09/06 12:27
982,984,692,2022/09/06 12:29
983,985,511,2022/09/06 12:34
984,986,512,2022/09/06 12:35
985,987,513,2022/09/06 12:35
986,988,514,2022/09/06 12:36
987,989,515,2022/09/06 12:36
988,990,516,2022/09/06 12:37
989,991,525,2022/09/06 12:37
990,992,528,2022/09/06 12:38
991,993,531,2022/09/06 12:38
992,994,533,2022/09/06 12:40
993,995,544,2022/09/06 12:40
994,996,546,2022/09/06 12:41
995,997,548,2022/09/06 12:41
996,998,559,2022/09/06 12:41
997,999,564,2022/09/06 12:42
998,1000,565,2022/09/06 12:42
999,1001,569,2022/09/06 12:43
1000,1002,1438,2022/09/06 12:44
1001,1003,1466,2022/09/06 12:44
1002,1004,1507,2022/09/06 12:45
1003,1005,1509,2022/09/06 12:45
1004,1006,1522,2022/09/06 12:46
1005,1007,1523,2022/09/06 12:46
1006,1008,1592,2022/09/08 12:44
1007,1009,1593,2022/09/08 12:47
1008,1010,1594,2022/09/08 12:48
1009,1011,1596,2022/09/08 12:49
1010,1012,1590,2022/09/08 12:50
1011,1013,1609,2022/09/08 13:02
1012,1014,1588,2022/09/08 15:25
1013,1015,1622,2022/09/21 08:27
1014,1016,1182,2022/10/18 08:34
1015,1017,1244,2022/10/18 08:35
1016,1018,903,2022/11/03 16:50
1017,1019,904,2022/11/03 16:51
1018,1020,755,2022/11/04 17:00
1019,1021,894,2022/11/08 11:48
1020,1022,374,2022/11/08 12:14
1021,1023,1119,2022/11/08 12:41
1022,1024,1183,2022/11/08 12:43
1023,1025,932,2022/11/08 12:56
1024,1026,1311,2022/11/08 13:08
1025,1027,1294,2022/11/08 13:14
1026,1028,1646,2022/11/08 13:29
1027,1029,1616,2022/11/08 14:38
1028,1030,1619,2022/11/08 14:41
1029,1031,1621,2022/11/08 14:42
1030,1032,1620,2022/11/08 15:50
1031,1033,1617,2022/11/08 16:06
1032,1034,1080,2022/11/08 16:18
1033,1035,1520,2022/11/09 16:20
1034,1036,1111,2022/11/11 11:41
1035,1037,1112,2022/11/11 11:41
1036,1038,1115,2022/11/11 11:41
1037,1039,1116,2022/11/11 11:59
1038,1040,1117,2022/11/11 12:05
1039,1041,1662,2022/11/14 14:28
1040,1042,247,2022/11/14 16:04
1041,1043,1082,2022/11/16 13:29
1042,1044,1103,2022/11/16 13:30
1043,1045,1410,2022/11/18 16:51
1044,1046,1668,2022/11/23 11:44
1045,1047,162,2022/11/28 16:54
1046,1048,1493,2022/11/28 16:55
1047,1049,1546,2022/11/28 16:56
1048,1050,1554,2022/11/28 16:56
1049,1051,1608,2022/11/28 16:57
1050,1052,1720,2022/12/06 12:45
1051,1053,1610,2022/12/06 13:07
1052,1054,1666,2022/12/06 15:49
1053,1055,1689,2022/12/06 15:52
1054,1056,1691,2022/12/06 15:52
1055,1057,1694,2022/12/06 15:53
1056,1058,1695,2022/12/06 15:53
1057,1059,384,2022/12/06 16:43
1058,1060,808,2022/12/06 16:44
1059,1061,375,2022/12/07 12:43
1060,1062,467,2022/12/07 14:02
1061,1063,764,2022/12/07 14:28
1062,1064,1145,2022/12/08 10:21
1063,1065,1150,2022/12/08 10:22
1064,1066,1228,2022/12/08 10:22
1065,1067,264,2022/12/08 12:10
1066,1068,860,2022/12/19 12:06
1067,1069,1052,2022/12/19 12:07
1068,1070,802,2022/12/20 11:57
1069,1071,1144,2023/01/02 10:32
1070,1072,1155,2023/01/02 10:49
1071,1073,1223,2023/01/02 11:30
1072,1074,1225,2023/01/02 12:17
1073,1075,1226,2023/01/02 12:34
1074,1076,1351,2023/01/03 12:40
1075,1077,1437,2023/01/04 14:15
1076,1078,1436,2023/01/04 16:02
1077,1079,1664,2023/01/05 14:08
1078,1080,1048,2023/01/09 13:27
1079,1081,1687,2023/01/13 12:31
1080,1082,1657,2023/01/13 12:42
1081,1083,937,2023/01/13 12:45
1082,1084,1512,2023/01/13 13:55
1083,1085,1730,2023/01/13 14:02
1084,1086,1705,2023/01/17 09:24
1085,1087,1710,2023/01/17 09:30
1086,1088,1712,2023/01/17 09:44
1087,1089,1725,2023/01/17 09:50
1088,1090,1729,2023/01/17 10:18
1089,1091,1690,2023/01/17 10:46
1090,1092,1591,2023/01/18 10:12
1091,1093,981,2023/01/19 16:53
1092,1094,1742,2023/01/20 13:40
1093,1095,1445,2023/01/26 11:32
1094,1096,1455,2023/01/26 11:34
1095,1097,1658,2023/01/26 11:37
1096,1098,1734,2023/01/26 11:37
1097,1099,1737,2023/01/26 12:08
1098,1100,1707,2023/01/26 13:36
1099,1101,1708,2023/01/26 13:40
1100,1102,1709,2023/01/26 13:44
1101,1103,1731,2023/01/30 10:03
1102,1104,1733,2023/01/30 10:05
1103,1105,1733,2023/01/30 11:44
1104,1106,1555,2023/01/30 16:59
1105,1107,1566,2023/01/30 17:00
1106,1108,1572,2023/01/30 17:00
1107,1109,1717,2023/03/13 12:56
1108,1110,1696,2023/03/13 12:57
1109,1111,1688,2023/03/13 12:58
1110,1112,806,2023/04/17 16:58
1111,1113,807,2023/04/17 16:58
1112,1114,1258,2023/04/18 11:19
1113,1115,1743,2023/04/18 13:43
1114,1116,1724,2023/04/18 16:15
1115,1117,1790,2023/04/19 11:33
1116,1118,1789,2023/04/19 11:36
1117,1119,1791,2023/04/19 11:51
1118,1120,1599,2023/04/19 12:41
1119,1121,1755,2023/04/19 12:48
1120,1122,201,2023/04/20 11:55
1121,1123,777,2023/04/20 11:56
1122,1124,779,2023/04/20 11:58
1123,1125,1017,2023/04/20 11:58
1124,1126,1041,2023/04/20 11:59
1125,1127,1065,2023/04/20 11:59
1126,1128,1156,2023/04/20 12:00
1127,1129,1157,2023/04/20 12:01
1128,1130,1229,2023/04/20 12:03
1129,1131,1291,2023/04/20 12:04
1130,1132,1354,2023/04/20 12:04
1131,1133,1355,2023/04/20 12:05
1132,1134,1357,2023/04/20 12:06
1133,1135,1362,2023/04/20 12:07
1134,1136,1530,2023/04/20 12:24
1135,1137,1535,2023/04/20 12:25
1136,1138,1536,2023/04/20 12:28
1137,1139,1542,2023/04/20 12:29
1138,1140,1543,2023/04/20 12:30
1139,1141,1545,2023/04/20 12:30
1140,1142,1549,2023/04/20 12:31
1141,1143,1557,2023/04/20 12:32
1142,1144,1745,2023/04/20 12:32
1143,1145,1748,2023/04/20 12:33
1144,1146,203,2023/04/20 12:34
1145,1147,1747,2023/04/20 12:41
1146,1148,1750,2023/04/20 12:41
1147,1149,1782,2023/04/20 12:57
1148,1150,1639,2023/04/20 13:18
1149,1151,1641,2023/04/20 13:19
1150,1152,1757,2023/04/20 13:19
1151,1153,1640,2023/04/20 13:21
1152,1154,1783,2023/04/20 16:26
1153,1155,1784,2023/04/20 16:27
1154,1156,1360,2023/04/20 16:48
1155,1157,1746,2023/04/24 14:19
1156,1158,1749,2023/04/25 11:03
1157,1159,1278,2023/04/27 16:12
1158,1160,1359,2023/05/02 12:26
1159,1161,1510,2023/05/08 11:01
1160,1162,1539,2023/05/08 11:01
1161,1163,1551,2023/05/08 11:02
1162,1164,1562,2023/05/08 11:04
1163,1165,1524,2023/05/08 12:48
1164,1166,1558,2023/05/08 13:00
1165,1167,1561,2023/05/08 16:58
1166,1168,1560,2023/05/09 10:54
1167,1169,1563,2023/05/09 11:02
1168,1170,1564,2023/05/09 11:39
1169,1171,1606,2023/05/09 13:21
1170,1172,803,2023/05/09 14:31
1171,1173,1521,2023/05/09 14:33
1172,1174,1731,2023/05/09 14:35
1173,1175,964,2023/05/10 12:49
1174,1176,1513,2023/05/10 13:01
1175,1177,1819,2023/05/12 09:58
1176,1178,1821,2023/05/12 10:06
1177,1179,1822,2023/05/18 12:43
1178,1180,1826,2023/05/18 16:43
1179,1181,1838,2023/05/23 10:47
1180,1182,1571,2023/05/23 12:44
1181,1183,1634,2023/05/23 12:49
1182,1184,1756,2023/05/23 12:51
1183,1185,1759,2023/05/23 12:53
1184,1186,1766,2023/05/23 12:55
1185,1187,1767,2023/05/23 12:57
1186,1188,1777,2023/05/23 13:00
1187,1189,1778,2023/05/23 13:01
1188,1190,1836,2023/05/23 13:31
1189,1191,1188,2023/05/24 09:51
1190,1192,1837,2023/05/24 10:10
1191,1193,1839,2023/05/24 10:20
1192,1194,1824,2023/05/24 10:34
1193,1195,1726,2023/05/29 14:02
1194,1196,1751,2023/05/29 14:03
1195,1197,804,2023/05/29 14:43
1196,1198,1762,2023/06/07 15:34
1197,1199,971,2023/06/13 16:09
1198,1200,972,2023/06/13 16:10
1199,1201,1053,2023/06/13 16:10
1200,1202,1086,2023/06/13 16:11
1201,1203,1096,2023/06/13 16:12
1202,1204,1511,2023/06/13 16:14
1203,1205,1589,2023/06/22 13:37
1204,1206,1796,2023/06/26 15:06
1205,1207,1758,2023/07/03 12:11
1206,1208,1781,2023/07/03 12:58
1207,1209,1779,2023/07/03 13:10
1208,1210,1823,2023/07/03 15:33
1209,1211,1825,2023/07/03 17:17
1210,1212,1852,2023/07/03 18:01
1211,1213,1828,2023/07/04 11:24
1212,1214,1829,2023/07/04 11:40
1213,1215,1250,2023/07/04 14:18
1214,1216,1552,2023/07/04 14:19
1215,1217,1697,2023/07/05 11:37
1216,1218,1698,2023/07/05 12:12
1217,1219,1699,2023/07/05 17:17
1218,1220,1700,2023/07/06 10:52
1219,1221,1598,2023/07/06 11:28
1220,1222,1850,2023/07/07 11:31
1221,1223,1794,2023/07/07 12:28
1222,1224,1804,2023/07/07 12:44
1223,1225,1809,2023/07/07 12:54
1224,1226,500,2023/07/10 12:17
1225,1227,543,2023/07/10 12:44
1226,1228,718,2023/07/10 13:04
1227,1229,1467,2023/07/10 13:55
1228,1230,1158,2023/07/12 16:34
1229,1231,1531,2023/07/12 16:36
1230,1232,1864,2023/07/13 11:36
1231,1233,1827,2023/07/13 11:48
1232,1234,1848,2023/07/13 13:38
1233,1235,1862,2023/07/13 17:28
1234,1236,1865,2023/07/14 17:07
1235,1237,1863,2023/07/14 17:29
1236,1238,1799,2023/07/18 11:06
1237,1239,472,2023/07/20 11:50
1238,1240,723,2023/07/24 12:07
1239,1241,1659,2023/07/26 13:49
1240,1242,1763,2023/08/01 12:54
1241,1243,1786,2023/08/03 14:21
1242,1244,1788,2023/08/03 14:23
1243,1245,1663,2023/08/23 17:05
1244,1246,1722,2023/08/23 17:16
1245,1247,1800,2023/08/24 11:45
1246,1248,1802,2023/08/24 11:46
1247,1249,1815,2023/08/24 11:48
1248,1250,1801,2023/08/24 11:48
1249,1251,1818,2023/08/24 11:49
1250,1252,1803,2023/08/24 11:55
1251,1253,1805,2023/08/24 11:56
1252,1254,1817,2023/08/24 11:57
1253,1255,1808,2023/08/24 11:57
1254,1256,1806,2023/08/24 11:58
1255,1257,1807,2023/08/24 11:59
1256,1258,1816,2023/08/24 12:00
1257,1259,1037,2023/08/30 15:14
1258,1260,1913,2023/08/31 12:52
1259,1261,1914,2023/08/31 12:53
1260,1262,1604,2023/08/31 13:28
1261,1263,1605,2023/08/31 13:36
1262,1264,1654,2023/08/31 13:46
1263,1265,1918,2023/09/05 10:58
1264,1266,1919,2023/09/05 11:14
1265,1267,1765,2023/09/06 15:09
1266,1268,1917,2023/09/06 17:53
1267,1269,1884,2023/09/12 13:06
1268,1270,1885,2023/09/12 13:56
1269,1271,1893,2023/09/12 15:53
1270,1272,1895,2023/09/12 17:24
1271,1273,1920,2023/09/15 11:16
1272,1274,1892,2023/09/15 11:22
,,,
,,,
,,,
,,,
,,,
,,,
,,,
,,,
,,,
,,,
,,,
,,,
,,,
,,,
,,,
,,,
,,,
,,,
,,,
,,,
,,,
,,,
,,,
,,,
,,,
,,,
,,,
,,,
,,,
,,,
,,,
,,,
,,,
,,,
,,,
,,,
,,,
,,,
,,,
,,,
,,,
,,,
,,,
,,,
,,,
,,,
,,,
,,,
,,,
,,,
,,,
,,,
,,,
,,,
,,,
,,,
,,,
,,,
,,,
,,,
,,,
,,,
,,,
,,,
,,,
,,,
,,,
,,,
,,,
,,,
,,,
,,,
,,,
,,,
,,,
,,,
,,,
,,,
,,,
,,,
,,,
,,,
,,,
,,,
,,,
,,,
,,,
,,,
,,,
,,,
,,,
,,,
,,,
,,,
,,,
,,,
,,,
,,,
,,,
,,,
,,,
,,,
,,,
,,,
,,,
,,,
,,,
,,,
,,,
,,,
,,,
,,,
,,,
,,,
,,,
,,,
,,,
,,,
,,,
,,,
,,,
,,,
,,,
,,,
,,,
,,,
,,,
,,,
,,,
,,,
,,,
,,,
,,,
,,,
,,,
,,,
,,,
,,,
,,,
,,,
,,,
,,,
,,,
,,,
,,,
,,,
,,,
,,,
,,,
,,,
,,,
,,,
,,,
,,,
,,,
,,,
,,,
,,,
,,,
,,,
,,,
,,,
,,,
,,,
,,,
,,,
,,,
,,,
,,,
,,,
,,,
,,,
,,,
,,,
,,,
,,,
,,,
,,,
,,,
,,,
,,,
,,,
,,,
,,,
,,,
,,,
,,,
,,,
,,,
,,,
,,,
,,,
,,,
,,,
,,,
,,,
,,,
,,,
,,,
,,,
,,,
,,,
,,,
,,,
,,,
,,,
,,,
,,,
,,,
,,,
,,,
,,,
,,,
,,,
,,,
,,,
,,,
,,,
,,,
,,,
,,,
,,,
,,,
,,,
,,,
,,,
,,,
,,,
,,,
,,,
,,,
,,,
,,,
,,,
,,,
,,,
,,,
,,,
,,,
,,,
,,,
,,,
,,,
,,,
,,,
,,,
,,,
,,,
,,,
,,,
,,,
,,,
,,,
,,,
,,,
,,,
,,,
,,,
,,,
,,,
,,,
,,,
,,,
,,,
,,,
,,,
,,,
,,,
,,,
,,,
,,,
,,,
,,,
,,,
,,,
,,,
,,,
,,,
,,,
,,,
,,,
,,,
,,,
,,,
,,,
,,,
,,,
,,,
,,,
,,,
,,,
,,,
,,,
,,,
,,,
,,,
,,,
,,,
,,,
,,,
,,,
,,,
,,,
,,,
,,,
,,,
,,,
,,,
,,,
,,,
,,,
,,,
,,,
,,,
,,,
,,,
,,,
,,,
,,,
,,,
,,,
,,,
,,,
,,,
,,,
,,,
,,,
,,,
,,,
,,,
,,,
,,,
,,,
,,,
,,,
,,,
,,,
,,,
,,,
,,,
,,,
,,,
,,,
,,,
,,,
,,,
,,,
,,,
,,,
,,,
,,,
,,,
,,,
,,,
,,,
,,,
,,,
,,,
,,,
,,,
,,,
,,,
,,,
,,,
,,,
,,,
,,,
,,,
1641,,,
1642,,,
1643,,,
1644,,,
1645,,,
1646,,,
1647,,,
1648,,,
1649,,,
1650,,,
1651,,,
1652,,,
1653,,,
1654,,,
1655,,,
1656,,,
1657,,,
1658,,,
1659,,,
1660,,,
1661,,,
1662,,,
1663,,,
1664,,,
1665,,,
1666,,,
1667,,,
1668,,,
1669,,,
1670,,,
1671,,,
1672,,,
1673,,,
1674,,,
1675,,,
1676,,,
1677,,,
1678,,,
1679,,,
1680,,,
1681,,,
1682,,,
1683,,,
1684,,,
1685,,,
1686,,,
1687,,,
1688,,,
1689,,,
1690,,,
1691,,,
1692,,,
1693,,,
1694,,,
1695,,,
1696,,,
1697,,,
1698,,,
1699,,,
1700,,,
1701,,,
1702,,,
1703,,,
1704,,,
1705,,,
1706,,,
1707,,,
1708,,,
1709,,,
1710,,,
1711,,,
1712,,,
1713,,,
1714,,,
1715,,,
1716,,,
1717,,,
1718,,,
1719,,,
1720,,,
1721,,,
1722,,,
1723,,,
1724,,,
1725,,,
1726,,,
1727,,,
1728,,,
1729,,,
1730,,,
1731,,,
1732,,,
1733,,,
1734,,,
1735,,,
1736,,,
1737,,,
1738,,,
1739,,,
1740,,,
1741,,,
1742,,,
1743,,,
1744,,,
1745,,,
1746,,,
1747,,,
1748,,,
1749,,,
1750,,,
1751,,,
1752,,,
1753,,,
1754,,,
1755,,,
1756,,,
1757,,,
1758,,,
1759,,,
1760,,,
1761,,,
1762,,,
1763,,,
1764,,,
1765,,,
1766,,,
1767,,,
1768,,,
1769,,,
1770,,,
1771,,,
1772,,,
1773,,,
1774,,,
1775,,,
1776,,,
1777,,,
1778,,,
1779,,,
1780,,,
1781,,,
1782,,,
1783,,,
1784,,,
1785,,,
1786,,,
1787,,,
1788,,,
1789,,,
1790,,,
1791,,,
1792,,,
1793,,,
1794,,,
1795,,,
1796,,,
1797,,,
1798,,,
1799,,,
1800,,,
1801,,,
1802,,,
1803,,,
1804,,,
1805,,,
1806,,,
1807,,,
1808,,,
1809,,,
1810,,,
1811,,,
1812,,,
1813,,,
1814,,,
1815,,,
1816,,,
1817,,,
1818,,,
1819,,,
1820,,,
1821,,,
1822,,,
1823,,,
1824,,,
1825,,,
1826,,,
1827,,,
1828,,,
1829,,,
1830,,,
1831,,,
1832,,,
1833,,,
1834,,,
1835,,,
1836,,,
1837,,,
1838,,,
1839,,,
1840,,,
1841,,,
1842,,,
1843,,,
1844,,,
1845,,,
1846,,,
1847,,,
1848,,,
1849,,,
1850,,,
1851,,,
1852,,,
1853,,,
1854,,,
1855,,,
1856,,,
1857,,,
1858,,,
1859,,,
1860,,,
1861,,,
1862,,,
1863,,,
1864,,,
1865,,,
1866,,,
1867,,,
1868,,,
1869,,,
1870,,,
1871,,,
1872,,,
1873,,,
1874,,,
1875,,,
1876,,,
1877,,,
1878,,,
1879,,,
1880,,,
1881,,,
1882,,,
1883,,,
1884,,,
1885,,,
1886,,,
1887,,,
1888,,,
1889,,,
1890,,,
1891,,,
1892,,,
1893,,,
1894,,,
1895,,,
1896,,,
1897,,,
1898,,,
1899,,,
1900,,,
1901,,,
1902,,,
1903,,,
1904,,,
1905,,,
1906,,,
1907,,,
1908,,,
1909,,,
1910,,,
1911,,,
1912,,,
1913,,,
1914,,,
1915,,,
1916,,,
1917,,,
1918,,,
1919,,,
1920,,,
