id,estado_id,nombre,created_at
1,1,Aguascalientes,2022-02-22 11:03:56
2,1,San Francisco de los Romo,2022-02-22 11:03:56
3,1,El Llano,2022-02-22 11:03:56
4,1,Rincón de Romos,2022-02-22 11:03:56
5,1,Cosío,2022-02-22 11:03:56
6,1,San José de Gracia,2022-02-22 11:03:56
7,1,Tepezalá,2022-02-22 11:03:56
8,1,Pabellón de Arteaga,2022-02-22 11:03:56
9,1,Asientos,2022-02-22 11:03:56
10,1,Calvillo,2022-02-22 11:03:56
11,1,Jesús María,2022-02-22 11:03:56
12,2,Mexicali,2022-02-22 11:03:56
13,2,Tecate,2022-02-22 11:03:56
14,2,Tijuana,2022-02-22 11:03:56
15,2,Playas de Rosarito,2022-02-22 11:03:56
16,2,Ensenada,2022-02-22 11:03:56
17,3,La Paz,2022-02-22 11:03:56
18,3,Los Cabos,2022-02-22 11:03:56
19,3,Comondú,2022-02-22 11:03:56
20,3,Loreto,2022-02-22 11:03:56
21,3,Mulegé,2022-02-22 11:03:56
22,4,Campeche,2022-02-22 11:03:56
23,4,Carmen,2022-02-22 11:03:56
24,4,Palizada,2022-02-22 11:03:56
25,4,Candelaria,2022-02-22 11:03:56
26,4,Escárcega,2022-02-22 11:03:56
27,4,Champotón,2022-02-22 11:03:56
28,4,Hopelchén,2022-02-22 11:03:56
29,4,Calakmul,2022-02-22 11:03:56
30,4,Tenabo,2022-02-22 11:03:56
31,4,Hecelchakán,2022-02-22 11:03:56
32,4,Calkiní,2022-02-22 11:03:56
33,5,Saltillo,2022-02-22 11:03:56
34,5,Arteaga,2022-02-22 11:03:56
35,5,Juárez,2022-02-22 11:03:56
36,5,Progreso,2022-02-22 11:03:56
37,5,Escobedo,2022-02-22 11:03:56
38,5,San Buenaventura,2022-02-22 11:03:56
39,5,Abasolo,2022-02-22 11:03:56
40,5,Candela,2022-02-22 11:03:56
41,5,Frontera,2022-02-22 11:03:56
42,5,Monclova,2022-02-22 11:03:56
43,5,Castaños,2022-02-22 11:03:56
44,5,Ramos Arizpe,2022-02-22 11:03:56
45,5,General Cepeda,2022-02-22 11:03:56
46,5,Piedras Negras,2022-02-22 11:03:56
47,5,Nava,2022-02-22 11:03:56
48,5,Acuña,2022-02-22 11:03:56
49,5,Múzquiz,2022-02-22 11:03:56
50,5,Jiménez,2022-02-22 11:03:56
51,5,Zaragoza,2022-02-22 11:03:56
52,5,Morelos,2022-02-22 11:03:56
53,5,Allende,2022-02-22 11:03:56
54,5,Villa Unión,2022-02-22 11:03:56
55,5,Guerrero,2022-02-22 11:03:56
56,5,Hidalgo,2022-02-22 11:03:56
57,5,Sabinas,2022-02-22 11:03:56
58,5,San Juan de Sabinas,2022-02-22 11:03:56
59,5,Torreón,2022-02-22 11:03:56
60,5,Matamoros,2022-02-22 11:03:56
61,5,Viesca,2022-02-22 11:03:56
62,5,Ocampo,2022-02-22 11:03:56
63,5,Nadadores,2022-02-22 11:03:56
64,5,Sierra Mojada,2022-02-22 11:03:56
65,5,Cuatro Ciénegas,2022-02-22 11:03:56
66,5,Lamadrid,2022-02-22 11:03:56
67,5,Sacramento,2022-02-22 11:03:56
68,5,San Pedro,2022-02-22 11:03:56
69,5,Francisco I. Madero,2022-02-22 11:03:56
70,5,Parras,2022-02-22 11:03:56
71,6,Colima,2022-02-22 11:03:56
72,6,Tecomán,2022-02-22 11:03:56
73,6,Manzanillo,2022-02-22 11:03:56
74,6,Armería,2022-02-22 11:03:56
75,6,Coquimatlán,2022-02-22 11:03:56
76,6,Comala,2022-02-22 11:03:56
77,6,Cuauhtémoc,2022-02-22 11:03:56
78,6,Ixtlahuacán,2022-02-22 11:03:56
79,6,Minatitlán,2022-02-22 11:03:56
80,6,Villa de Álvarez,2022-02-22 11:03:56
81,7,Tuxtla Gutiérrez,2022-02-22 11:03:56
82,7,San Fernando,2022-02-22 11:03:56
83,7,Berriozábal,2022-02-22 11:03:56
84,7,Ocozocoautla de Espinosa,2022-02-22 11:03:56
85,7,Suchiapa,2022-02-22 11:03:56
86,7,Chiapa de Corzo,2022-02-22 11:03:56
87,7,Osumacinta,2022-02-22 11:03:56
88,7,San Cristóbal de las Casas,2022-02-22 11:03:56
89,7,Chamula,2022-02-22 11:03:56
90,7,Ixtapa,2022-02-22 11:03:56
91,7,Zinacantán,2022-02-22 11:03:56
92,7,Acala,2022-02-22 11:03:56
93,7,Chiapilla,2022-02-22 11:03:56
94,7,San Lucas,2022-02-22 11:03:56
95,7,Teopisca,2022-02-22 11:03:56
96,7,Amatenango del Valle,2022-02-22 11:03:56
97,7,Chanal,2022-02-22 11:03:56
98,7,Oxchuc,2022-02-22 11:03:56
99,7,Huixtán,2022-02-22 11:03:56
100,7,Tenejapa,2022-02-22 11:03:56
101,7,Mitontic,2022-02-22 11:03:56
102,7,Reforma,2022-02-22 11:03:56
103,7,Juárez,2022-02-22 11:03:56
104,7,Pichucalco,2022-02-22 11:03:56
105,7,Sunuapa,2022-02-22 11:03:56
106,7,Ostuacán,2022-02-22 11:03:56
107,7,Francisco León,2022-02-22 11:03:56
108,7,Ixtacomitán,2022-02-22 11:03:56
109,7,Solosuchiapa,2022-02-22 11:03:56
110,7,Ixtapangajoya,2022-02-22 11:03:56
111,7,Tecpatán,2022-02-22 11:03:56
112,7,Copainalá,2022-02-22 11:03:56
113,7,Chicoasén,2022-02-22 11:03:56
114,7,Coapilla,2022-02-22 11:03:56
115,7,Pantepec,2022-02-22 11:03:56
116,7,Tapalapa,2022-02-22 11:03:56
117,7,Ocotepec,2022-02-22 11:03:56
118,7,Chapultenango,2022-02-22 11:03:56
119,7,Amatán,2022-02-22 11:03:56
120,7,Huitiupán,2022-02-22 11:03:56
121,7,Ixhuatán,2022-02-22 11:03:56
122,7,Tapilula,2022-02-22 11:03:56
123,7,Rayón,2022-02-22 11:03:56
124,7,Pueblo Nuevo Solistahuacán,2022-02-22 11:03:56
125,7,Jitotol,2022-02-22 11:03:56
126,7,Bochil,2022-02-22 11:03:56
127,7,Soyaló,2022-02-22 11:03:56
128,7,San Juan Cancuc,2022-02-22 11:03:56
129,7,Sabanilla,2022-02-22 11:03:56
130,7,Simojovel,2022-02-22 11:03:56
131,7,San Andrés Duraznal,2022-02-22 11:03:56
132,7,El Bosque,2022-02-22 11:03:56
133,7,Chalchihuitán,2022-02-22 11:03:56
134,7,Larráinzar,2022-02-22 11:03:56
135,7,Santiago el Pinar,2022-02-22 11:03:56
136,7,Chenalhó,2022-02-22 11:03:56
137,7,Aldama,2022-02-22 11:03:56
138,7,Pantelhó,2022-02-22 11:03:56
139,7,Sitalá,2022-02-22 11:03:56
140,7,Salto de Agua,2022-02-22 11:03:56
141,7,Tila,2022-02-22 11:03:56
142,7,Tumbalá,2022-02-22 11:03:56
143,7,Yajalón,2022-02-22 11:03:56
144,7,Ocosingo,2022-02-22 11:03:56
145,7,Chilón,2022-02-22 11:03:56
146,7,Benemérito de las Américas,2022-02-22 11:03:56
147,7,Marqués de Comillas,2022-02-22 11:03:56
148,7,Palenque,2022-02-22 11:03:56
149,7,La Libertad,2022-02-22 11:03:56
150,7,Catazajá,2022-02-22 11:03:56
151,7,Comitán de Domínguez,2022-02-22 11:03:56
152,7,Tzimol,2022-02-22 11:03:56
153,7,Chicomuselo,2022-02-22 11:03:56
154,7,Bella Vista,2022-02-22 11:03:56
155,7,Frontera Comalapa,2022-02-22 11:03:56
156,7,La Trinitaria,2022-02-22 11:03:56
157,7,La Independencia,2022-02-22 11:03:56
158,7,Maravilla Tenejapa,2022-02-22 11:03:56
159,7,Las Margaritas,2022-02-22 11:03:56
160,7,Altamirano,2022-02-22 11:03:56
161,7,Venustiano Carranza,2022-02-22 11:03:56
162,7,Totolapa,2022-02-22 11:03:56
163,7,Nicolás Ruíz,2022-02-22 11:03:56
164,7,Las Rosas,2022-02-22 11:03:56
165,7,La Concordia,2022-02-22 11:03:56
166,7,Angel Albino Corzo,2022-02-22 11:03:56
167,7,Montecristo de Guerrero,2022-02-22 11:03:56
168,7,Socoltenango,2022-02-22 11:03:56
169,7,Cintalapa,2022-02-22 11:03:56
170,7,Jiquipilas,2022-02-22 11:03:56
171,7,Arriaga,2022-02-22 11:03:56
172,7,Villaflores,2022-02-22 11:03:56
173,7,Tonalá,2022-02-22 11:03:56
174,7,Villa Corzo,2022-02-22 11:03:56
175,7,Pijijiapan,2022-02-22 11:03:56
176,7,Mapastepec,2022-02-22 11:03:56
177,7,Acapetahua,2022-02-22 11:03:56
178,7,Acacoyagua,2022-02-22 11:03:56
179,7,Escuintla,2022-02-22 11:03:56
180,7,Villa Comaltitlán,2022-02-22 11:03:56
181,7,Huixtla,2022-02-22 11:03:56
182,7,Mazatán,2022-02-22 11:03:56
183,7,Huehuetán,2022-02-22 11:03:56
184,7,Tuzantán,2022-02-22 11:03:56
185,7,Tapachula,2022-02-22 11:03:56
186,7,Suchiate,2022-02-22 11:03:56
187,7,Frontera Hidalgo,2022-02-22 11:03:56
188,7,Metapa,2022-02-22 11:03:56
189,7,Tuxtla Chico,2022-02-22 11:03:56
190,7,Unión Juárez,2022-02-22 11:03:56
191,7,Cacahoatán,2022-02-22 11:03:56
192,7,Motozintla,2022-02-22 11:03:56
193,7,Mazapa de Madero,2022-02-22 11:03:56
194,7,Amatenango de la Frontera,2022-02-22 11:03:56
195,7,Bejucal de Ocampo,2022-02-22 11:03:56
196,7,La Grandeza,2022-02-22 11:03:56
197,7,El Porvenir,2022-02-22 11:03:56
198,7,Siltepec,2022-02-22 11:03:56
199,8,Chihuahua,2022-02-22 11:03:56
200,8,Cuauhtémoc,2022-02-22 11:03:56
201,8,Riva Palacio,2022-02-22 11:03:56
202,8,Aquiles Serdán,2022-02-22 11:03:56
203,8,Bachíniva,2022-02-22 11:03:56
204,8,Guerrero,2022-02-22 11:03:56
205,8,Nuevo Casas Grandes,2022-02-22 11:03:56
206,8,Ascensión,2022-02-22 11:03:56
207,8,Janos,2022-02-22 11:03:56
208,8,Casas Grandes,2022-02-22 11:03:56
209,8,Galeana,2022-02-22 11:03:56
210,8,Buenaventura,2022-02-22 11:03:56
211,8,Gómez Farías,2022-02-22 11:03:56
212,8,Ignacio Zaragoza,2022-02-22 11:03:56
213,8,Madera,2022-02-22 11:03:56
214,8,Namiquipa,2022-02-22 11:03:56
215,8,Temósachic,2022-02-22 11:03:56
216,8,Matachí,2022-02-22 11:03:56
217,8,Juárez,2022-02-22 11:03:56
218,8,Guadalupe,2022-02-22 11:03:56
219,8,Praxedis G. Guerrero,2022-02-22 11:03:56
220,8,Ahumada,2022-02-22 11:03:56
221,8,Coyame del Sotol,2022-02-22 11:03:56
222,8,Ojinaga,2022-02-22 11:03:56
223,8,Aldama,2022-02-22 11:03:56
224,8,Julimes,2022-02-22 11:03:56
225,8,Manuel Benavides,2022-02-22 11:03:56
226,8,Delicias,2022-02-22 11:03:56
227,8,Rosales,2022-02-22 11:03:56
228,8,Meoqui,2022-02-22 11:03:56
229,8,Dr. Belisario Domínguez,2022-02-22 11:03:56
230,8,Satevó,2022-02-22 11:03:56
231,8,San Francisco de Borja,2022-02-22 11:03:56
232,8,Nonoava,2022-02-22 11:03:56
233,8,Guachochi,2022-02-22 11:03:56
234,8,Bocoyna,2022-02-22 11:03:56
235,8,Cusihuiriachi,2022-02-22 11:03:56
236,8,Gran Morelos,2022-02-22 11:03:56
237,8,Santa Isabel,2022-02-22 11:03:56
238,8,Carichí,2022-02-22 11:03:56
239,8,Uruachi,2022-02-22 11:03:56
240,8,Ocampo,2022-02-22 11:03:56
241,8,Moris,2022-02-22 11:03:56
242,8,Chínipas,2022-02-22 11:03:56
243,8,Maguarichi,2022-02-22 11:03:56
244,8,Guazapares,2022-02-22 11:03:56
245,8,Batopilas,2022-02-22 11:03:56
246,8,Urique,2022-02-22 11:03:56
247,8,Morelos,2022-02-22 11:03:56
248,8,Guadalupe y Calvo,2022-02-22 11:03:56
249,8,San Francisco del Oro,2022-02-22 11:03:56
250,8,Rosario,2022-02-22 11:03:56
251,8,Huejotitán,2022-02-22 11:03:56
252,8,El Tule,2022-02-22 11:03:56
253,8,Balleza,2022-02-22 11:03:56
254,8,Santa Bárbara,2022-02-22 11:03:56
255,8,Camargo,2022-02-22 11:03:56
256,8,Saucillo,2022-02-22 11:03:56
257,8,Valle de Zaragoza,2022-02-22 11:03:56
258,8,La Cruz,2022-02-22 11:03:56
259,8,San Francisco de Conchos,2022-02-22 11:03:56
260,8,Hidalgo del Parral,2022-02-22 11:03:56
261,8,Allende,2022-02-22 11:03:56
262,8,López,2022-02-22 11:03:56
263,8,Matamoros,2022-02-22 11:03:56
264,8,Jiménez,2022-02-22 11:03:56
265,8,Coronado,2022-02-22 11:03:56
266,9,Álvaro Obregón,2022-02-22 11:03:56
267,9,Azcapotzalco,2022-02-22 11:03:56
268,9,Benito Juárez,2022-02-22 11:03:56
269,9,Coyoacán,2022-02-22 11:03:56
270,9,Cuajimalpa de Morelos,2022-02-22 11:03:56
271,9,Cuauhtémoc,2022-02-22 11:03:56
272,9,Gustavo A. Madero,2022-02-22 11:03:56
273,9,Iztacalco,2022-02-22 11:03:56
274,9,Iztapalapa,2022-02-22 11:03:56
275,9,La Magdalena Contreras,2022-02-22 11:03:56
276,9,Miguel Hidalgo,2022-02-22 11:03:56
277,9,Milpa Alta,2022-02-22 11:03:56
278,9,Tláhuac,2022-02-22 11:03:56
279,9,Tlalpan,2022-02-22 11:03:56
280,9,Venustiano Carranza,2022-02-22 11:03:56
281,9,Xochimilco,2022-02-22 11:03:56
282,10,Durango,2022-02-22 11:03:56
283,10,Canatlán,2022-02-22 11:03:56
284,10,Nuevo Ideal,2022-02-22 11:03:56
285,10,Coneto de Comonfort,2022-02-22 11:03:56
286,10,San Juan del Río,2022-02-22 11:03:56
287,10,Canelas,2022-02-22 11:03:56
288,10,Topia,2022-02-22 11:03:56
289,10,Tamazula,2022-02-22 11:03:56
290,10,Santiago Papasquiaro,2022-02-22 11:03:56
291,10,Otáez,2022-02-22 11:03:56
292,10,San Dimas,2022-02-22 11:03:56
293,10,Guadalupe Victoria,2022-02-22 11:03:56
294,10,Peñón Blanco,2022-02-22 11:03:56
295,10,Pánuco de Coronado,2022-02-22 11:03:56
296,10,Poanas,2022-02-22 11:03:56
297,10,Nombre de Dios,2022-02-22 11:03:56
298,10,Vicente Guerrero,2022-02-22 11:03:56
299,10,Súchil,2022-02-22 11:03:56
300,10,Pueblo Nuevo,2022-02-22 11:03:56
301,10,Mezquital,2022-02-22 11:03:56
302,10,Gómez Palacio,2022-02-22 11:03:56
303,10,Lerdo,2022-02-22 11:03:56
304,10,Mapimí,2022-02-22 11:03:56
305,10,Tlahualilo,2022-02-22 11:03:56
306,10,Hidalgo,2022-02-22 11:03:56
307,10,Ocampo,2022-02-22 11:03:56
308,10,Guanaceví,2022-02-22 11:03:56
309,10,San Bernardo,2022-02-22 11:03:56
310,10,Indé,2022-02-22 11:03:56
311,10,San Pedro del Gallo,2022-02-22 11:03:56
312,10,Tepehuanes,2022-02-22 11:03:56
313,10,El Oro,2022-02-22 11:03:56
314,10,Nazas,2022-02-22 11:03:56
315,10,San Luis del Cordero,2022-02-22 11:03:56
316,10,Rodeo,2022-02-22 11:03:56
317,10,Cuencamé,2022-02-22 11:03:56
318,10,Santa Clara,2022-02-22 11:03:56
319,10,San Juan de Guadalupe,2022-02-22 11:03:56
320,10,General Simón Bolívar,2022-02-22 11:03:56
321,11,Guanajuato,2022-02-22 11:03:56
322,11,Silao de la Victoria,2022-02-22 11:03:56
323,11,Romita,2022-02-22 11:03:56
324,11,San Francisco del Rincón,2022-02-22 11:03:56
325,11,Purísima del Rincón,2022-02-22 11:03:56
326,11,Manuel Doblado,2022-02-22 11:03:56
327,11,Irapuato,2022-02-22 11:03:56
328,11,Salamanca,2022-02-22 11:03:56
329,11,Pueblo Nuevo,2022-02-22 11:03:56
330,11,Pénjamo,2022-02-22 11:03:56
331,11,Cuerámaro,2022-02-22 11:03:56
332,11,Abasolo,2022-02-22 11:03:56
333,11,Huanímaro,2022-02-22 11:03:56
334,11,León,2022-02-22 11:03:56
335,11,San Felipe,2022-02-22 11:03:56
336,11,Ocampo,2022-02-22 11:03:56
337,11,San Miguel de Allende,2022-02-22 11:03:56
338,11,Dolores Hidalgo Cuna de la Independencia Nacional,2022-02-22 11:03:56
339,11,San Diego de la Unión,2022-02-22 11:03:56
340,11,San Luis de la Paz,2022-02-22 11:03:56
341,11,Victoria,2022-02-22 11:03:56
342,11,Xichú,2022-02-22 11:03:56
343,11,Atarjea,2022-02-22 11:03:56
344,11,Santa Catarina,2022-02-22 11:03:56
345,11,Doctor Mora,2022-02-22 11:03:56
346,11,Tierra Blanca,2022-02-22 11:03:56
347,11,San José Iturbide,2022-02-22 11:03:56
348,11,Celaya,2022-02-22 11:03:56
349,11,Apaseo el Grande,2022-02-22 11:03:56
350,11,Comonfort,2022-02-22 11:03:56
351,11,Santa Cruz de Juventino Rosas,2022-02-22 11:03:56
352,11,Villagrán,2022-02-22 11:03:56
353,11,Cortazar,2022-02-22 11:03:56
354,11,Valle de Santiago,2022-02-22 11:03:56
355,11,Jaral del Progreso,2022-02-22 11:03:56
356,11,Apaseo el Alto,2022-02-22 11:03:56
357,11,Jerécuaro,2022-02-22 11:03:56
358,11,Coroneo,2022-02-22 11:03:56
359,11,Acámbaro,2022-02-22 11:03:56
360,11,Tarimoro,2022-02-22 11:03:56
361,11,Tarandacuao,2022-02-22 11:03:56
362,11,Moroleón,2022-02-22 11:03:56
363,11,Salvatierra,2022-02-22 11:03:56
364,11,Yuriria,2022-02-22 11:03:56
365,11,Santiago Maravatío,2022-02-22 11:03:56
366,11,Uriangato,2022-02-22 11:03:56
367,12,Chilpancingo de los Bravo,2022-02-22 11:03:56
368,12,General Heliodoro Castillo,2022-02-22 11:03:56
369,12,Leonardo Bravo,2022-02-22 11:03:56
370,12,Tixtla de Guerrero,2022-02-22 11:03:56
371,12,Ayutla de los Libres,2022-02-22 11:03:56
372,12,Mochitlán,2022-02-22 11:03:56
373,12,Quechultenango,2022-02-22 11:03:56
374,12,Tecoanapa,2022-02-22 11:03:56
375,12,Acapulco de Juárez,2022-02-22 11:03:56
376,12,Juan R. Escudero,2022-02-22 11:03:56
377,12,San Marcos,2022-02-22 11:03:56
378,12,Iguala de la Independencia,2022-02-22 11:03:56
379,12,Huitzuco de los Figueroa,2022-02-22 11:03:56
380,12,Tepecoacuilco de Trujano,2022-02-22 11:03:56
381,12,Eduardo Neri,2022-02-22 11:03:56
382,12,Taxco de Alarcón,2022-02-22 11:03:56
383,12,Buenavista de Cuéllar,2022-02-22 11:03:56
384,12,Tetipac,2022-02-22 11:03:56
385,12,Pilcaya,2022-02-22 11:03:56
386,12,Teloloapan,2022-02-22 11:03:56
387,12,Ixcateopan de Cuauhtémoc,2022-02-22 11:03:56
388,12,Pedro Ascencio Alquisiras,2022-02-22 11:03:56
389,12,General Canuto A. Neri,2022-02-22 11:03:56
390,12,Arcelia,2022-02-22 11:03:56
391,12,Apaxtla,2022-02-22 11:03:56
392,12,Cuetzala del Progreso,2022-02-22 11:03:56
393,12,Cocula,2022-02-22 11:03:56
394,12,Tlapehuala,2022-02-22 11:03:56
395,12,Cutzamala de Pinzón,2022-02-22 11:03:56
396,12,Pungarabato,2022-02-22 11:03:56
397,12,Tlalchapa,2022-02-22 11:03:56
398,12,Coyuca de Catalán,2022-02-22 11:03:56
399,12,Ajuchitlán del Progreso,2022-02-22 11:03:56
400,12,Zirándaro,2022-02-22 11:03:56
401,12,San Miguel Totolapan,2022-02-22 11:03:56
402,12,La Unión de Isidoro Montes de Oca,2022-02-22 11:03:56
403,12,Petatlán,2022-02-22 11:03:56
404,12,Coahuayutla de José María Izazaga,2022-02-22 11:03:56
405,12,Zihuatanejo de Azueta,2022-02-22 11:03:56
406,12,Técpan de Galeana,2022-02-22 11:03:56
407,12,Atoyac de Álvarez,2022-02-22 11:03:56
408,12,Benito Juárez,2022-02-22 11:03:56
409,12,Coyuca de Benítez,2022-02-22 11:03:56
410,12,Olinalá,2022-02-22 11:03:56
411,12,Atenango del Río,2022-02-22 11:03:56
412,12,Copalillo,2022-02-22 11:03:56
413,12,Cualác,2022-02-22 11:03:56
414,12,Chilapa de Álvarez,2022-02-22 11:03:56
415,12,José Joaquín de Herrera,2022-02-22 11:03:56
416,12,Ahuacuotzingo,2022-02-22 11:03:56
417,12,Zitlala,2022-02-22 11:03:56
418,12,Mártir de Cuilapan,2022-02-22 11:03:56
419,12,Huamuxtitlán,2022-02-22 11:03:56
420,12,Xochihuehuetlán,2022-02-22 11:03:56
421,12,Alpoyeca,2022-02-22 11:03:56
422,12,Tlapa de Comonfort,2022-02-22 11:03:56
423,12,Tlalixtaquilla de Maldonado,2022-02-22 11:03:56
424,12,Xalpatláhuac,2022-02-22 11:03:56
425,12,Zapotitlán Tablas,2022-02-22 11:03:56
426,12,Acatepec,2022-02-22 11:03:56
427,12,Atlixtac,2022-02-22 11:03:56
428,12,Copanatoyac,2022-02-22 11:03:56
429,12,Malinaltepec,2022-02-22 11:03:56
430,12,Iliatenco,2022-02-22 11:03:56
431,12,Tlacoapa,2022-02-22 11:03:56
432,12,Atlamajalcingo del Monte,2022-02-22 11:03:56
433,12,San Luis Acatlán,2022-02-22 11:03:56
434,12,Metlatónoc,2022-02-22 11:03:56
435,12,Cochoapa el Grande,2022-02-22 11:03:56
436,12,Alcozauca de Guerrero,2022-02-22 11:03:56
437,12,Ometepec,2022-02-22 11:03:56
438,12,Tlacoachistlahuaca,2022-02-22 11:03:56
439,12,Xochistlahuaca,2022-02-22 11:03:56
440,12,Florencio Villarreal,2022-02-22 11:03:56
441,12,Cuautepec,2022-02-22 11:03:56
442,12,Copala,2022-02-22 11:03:56
443,12,Azoyú,2022-02-22 11:03:56
444,12,Juchitán,2022-02-22 11:03:56
445,12,Marquelia,2022-02-22 11:03:56
446,12,Cuajinicuilapa,2022-02-22 11:03:56
447,12,Igualapa,2022-02-22 11:03:56
448,13,Pachuca de Soto,2022-02-22 11:03:56
449,13,Mineral del Chico,2022-02-22 11:03:56
450,13,Mineral del Monte,2022-02-22 11:03:56
451,13,Ajacuba,2022-02-22 11:03:56
452,13,San Agustín Tlaxiaca,2022-02-22 11:03:56
453,13,Mineral de la Reforma,2022-02-22 11:03:56
454,13,Zapotlán de Juárez,2022-02-22 11:03:56
455,13,Jacala de Ledezma,2022-02-22 11:03:56
456,13,Pisaflores,2022-02-22 11:03:56
457,13,Pacula,2022-02-22 11:03:56
458,13,La Misión,2022-02-22 11:03:56
459,13,Chapulhuacán,2022-02-22 11:03:56
460,13,Ixmiquilpan,2022-02-22 11:03:56
461,13,Zimapán,2022-02-22 11:03:56
462,13,Nicolás Flores,2022-02-22 11:03:56
463,13,Cardonal,2022-02-22 11:03:56
464,13,Tasquillo,2022-02-22 11:03:56
465,13,Alfajayucan,2022-02-22 11:03:56
466,13,Huichapan,2022-02-22 11:03:56
467,13,Tecozautla,2022-02-22 11:03:56
468,13,Nopala de Villagrán,2022-02-22 11:03:56
469,13,Actopan,2022-02-22 11:03:56
470,13,Santiago de Anaya,2022-02-22 11:03:56
471,13,San Salvador,2022-02-22 11:03:56
472,13,Francisco I. Madero,2022-02-22 11:03:56
473,13,El Arenal,2022-02-22 11:03:56
474,13,Mixquiahuala de Juárez,2022-02-22 11:03:56
475,13,Progreso de Obregón,2022-02-22 11:03:56
476,13,Chilcuautla,2022-02-22 11:03:56
477,13,Tezontepec de Aldama,2022-02-22 11:03:56
478,13,Tlahuelilpan,2022-02-22 11:03:56
479,13,Tula de Allende,2022-02-22 11:03:56
480,13,Tepeji del Río de Ocampo,2022-02-22 11:03:56
481,13,Chapantongo,2022-02-22 11:03:56
482,13,Tepetitlán,2022-02-22 11:03:56
483,13,Tetepango,2022-02-22 11:03:56
484,13,Tlaxcoapan,2022-02-22 11:03:56
485,13,Atitalaquia,2022-02-22 11:03:56
486,13,Atotonilco de Tula,2022-02-22 11:03:56
487,13,Huejutla de Reyes,2022-02-22 11:03:56
488,13,San Felipe Orizatlán,2022-02-22 11:03:56
489,13,Jaltocán,2022-02-22 11:03:56
490,13,Huautla,2022-02-22 11:03:56
491,13,Atlapexco,2022-02-22 11:03:56
492,13,Huazalingo,2022-02-22 11:03:56
493,13,Yahualica,2022-02-22 11:03:56
494,13,Xochiatipan,2022-02-22 11:03:56
495,13,Molango de Escamilla,2022-02-22 11:03:56
496,13,Tepehuacán de Guerrero,2022-02-22 11:03:56
497,13,Lolotla,2022-02-22 11:03:56
498,13,Tlanchinol,2022-02-22 11:03:56
499,13,Tlahuiltepa,2022-02-22 11:03:56
500,13,Juárez Hidalgo,2022-02-22 11:03:56
501,13,Zacualtipán de Ángeles,2022-02-22 11:03:56
502,13,Calnali,2022-02-22 11:03:56
503,13,Xochicoatlán,2022-02-22 11:03:56
504,13,Tianguistengo,2022-02-22 11:03:56
505,13,Atotonilco el Grande,2022-02-22 11:03:56
506,13,Eloxochitlán,2022-02-22 11:03:56
507,13,Metztitlán,2022-02-22 11:03:56
508,13,San Agustín Metzquititlán,2022-02-22 11:03:56
509,13,Metepec,2022-02-22 11:03:56
510,13,Huehuetla,2022-02-22 11:03:56
511,13,San Bartolo Tutotepec,2022-02-22 11:03:56
512,13,Agua Blanca de Iturbide,2022-02-22 11:03:56
513,13,Tenango de Doria,2022-02-22 11:03:56
514,13,Huasca de Ocampo,2022-02-22 11:03:56
515,13,Acatlán,2022-02-22 11:03:56
516,13,Omitlán de Juárez,2022-02-22 11:03:56
517,13,Epazoyucan,2022-02-22 11:03:56
518,13,Tulancingo de Bravo,2022-02-22 11:03:56
519,13,Acaxochitlán,2022-02-22 11:03:56
520,13,Cuautepec de Hinojosa,2022-02-22 11:03:56
521,13,Santiago Tulantepec de Lugo Guerrero,2022-02-22 11:03:56
522,13,Singuilucan,2022-02-22 11:03:56
523,13,Tizayuca,2022-02-22 11:03:56
524,13,Zempoala,2022-02-22 11:03:56
525,13,Tolcayuca,2022-02-22 11:03:56
526,13,Villa de Tezontepec,2022-02-22 11:03:56
527,13,Apan,2022-02-22 11:03:56
528,13,Tlanalapa,2022-02-22 11:03:56
529,13,Almoloya,2022-02-22 11:03:56
530,13,Emiliano Zapata,2022-02-22 11:03:56
531,13,Tepeapulco,2022-02-22 11:03:56
532,14,Guadalajara,2022-02-22 11:03:56
533,14,Zapopan,2022-02-22 11:03:56
534,14,San Cristóbal de la Barranca,2022-02-22 11:03:56
535,14,Ixtlahuacán del Río,2022-02-22 11:03:56
536,14,Tala,2022-02-22 11:03:56
537,14,El Arenal,2022-02-22 11:03:56
538,14,Amatitán,2022-02-22 11:03:56
539,14,Tonalá,2022-02-22 11:03:56
540,14,Zapotlanejo,2022-02-22 11:03:56
541,14,Acatic,2022-02-22 11:03:56
542,14,Cuquío,2022-02-22 11:03:56
543,14,San Pedro Tlaquepaque,2022-02-22 11:03:56
544,14,Tlajomulco de Zúñiga,2022-02-22 11:03:56
545,14,El Salto,2022-02-22 11:03:56
546,14,Acatlán de Juárez,2022-02-22 11:03:56
547,14,Villa Corona,2022-02-22 11:03:56
548,14,Zacoalco de Torres,2022-02-22 11:03:56
549,14,Atemajac de Brizuela,2022-02-22 11:03:56
550,14,Jocotepec,2022-02-22 11:03:56
551,14,Ixtlahuacán de los Membrillos,2022-02-22 11:03:56
552,14,Juanacatlán,2022-02-22 11:03:56
553,14,Chapala,2022-02-22 11:03:56
554,14,Poncitlán,2022-02-22 11:03:56
555,14,Zapotlán del Rey,2022-02-22 11:03:56
556,14,Huejuquilla el Alto,2022-02-22 11:03:56
557,14,Mezquitic,2022-02-22 11:03:56
558,14,Villa Guerrero,2022-02-22 11:03:56
559,14,Bolaños,2022-02-22 11:03:56
560,14,Totatiche,2022-02-22 11:03:56
561,14,Colotlán,2022-02-22 11:03:56
562,14,Santa María de los Ángeles,2022-02-22 11:03:56
563,14,Huejúcar,2022-02-22 11:03:56
564,14,Chimaltitán,2022-02-22 11:03:56
565,14,San Martín de Bolaños,2022-02-22 11:03:56
566,14,Tequila,2022-02-22 11:03:56
567,14,Hostotipaquillo,2022-02-22 11:03:56
568,14,Magdalena,2022-02-22 11:03:56
569,14,Etzatlán,2022-02-22 11:03:56
570,14,San Marcos,2022-02-22 11:03:56
571,14,San Juanito de Escobedo,2022-02-22 11:03:56
572,14,Ameca,2022-02-22 11:03:56
573,14,Ahualulco de Mercado,2022-02-22 11:03:56
574,14,Teuchitlán,2022-02-22 11:03:56
575,14,San Martín Hidalgo,2022-02-22 11:03:56
576,14,Guachinango,2022-02-22 11:03:56
577,14,Mixtlán,2022-02-22 11:03:56
578,14,Mascota,2022-02-22 11:03:56
579,14,San Sebastián del Oeste,2022-02-22 11:03:56
580,14,San Juan de los Lagos,2022-02-22 11:03:56
581,14,Jalostotitlán,2022-02-22 11:03:56
582,14,San Miguel el Alto,2022-02-22 11:03:56
583,14,San Julián,2022-02-22 11:03:56
584,14,Arandas,2022-02-22 11:03:56
585,14,San Ignacio Cerro Gordo,2022-02-22 11:03:56
586,14,Teocaltiche,2022-02-22 11:03:56
587,14,Villa Hidalgo,2022-02-22 11:03:56
588,14,Encarnación de Díaz,2022-02-22 11:03:56
589,14,Yahualica de González Gallo,2022-02-22 11:03:56
590,14,Mexticacán,2022-02-22 11:03:56
591,14,Cañadas de Obregón,2022-02-22 11:03:56
592,14,Valle de Guadalupe,2022-02-22 11:03:56
593,14,Lagos de Moreno,2022-02-22 11:03:56
594,14,Ojuelos de Jalisco,2022-02-22 11:03:56
595,14,Unión de San Antonio,2022-02-22 11:03:56
596,14,San Diego de Alejandría,2022-02-22 11:03:56
597,14,Tepatitlán de Morelos,2022-02-22 11:03:56
598,14,Tototlán,2022-02-22 11:03:56
599,14,Atotonilco el Alto,2022-02-22 11:03:56
600,14,Ocotlán,2022-02-22 11:03:56
601,14,Jamay,2022-02-22 11:03:56
602,14,La Barca,2022-02-22 11:03:56
603,14,Ayotlán,2022-02-22 11:03:56
604,14,Jesús María,2022-02-22 11:03:56
605,14,Degollado,2022-02-22 11:03:56
606,14,Unión de Tula,2022-02-22 11:03:56
607,14,Ayutla,2022-02-22 11:03:56
608,14,Atenguillo,2022-02-22 11:03:56
609,14,Cuautla,2022-02-22 11:03:56
610,14,Atengo,2022-02-22 11:03:56
611,14,Talpa de Allende,2022-02-22 11:03:56
612,14,Puerto Vallarta,2022-02-22 11:03:56
613,14,Cabo Corrientes,2022-02-22 11:03:56
614,14,Tomatlán,2022-02-22 11:03:56
615,14,Cocula,2022-02-22 11:03:56
616,14,Tecolotlán,2022-02-22 11:03:56
617,14,Tenamaxtlán,2022-02-22 11:03:56
618,14,Juchitlán,2022-02-22 11:03:56
619,14,Chiquilistlán,2022-02-22 11:03:56
620,14,Ejutla,2022-02-22 11:03:56
621,14,El Limón,2022-02-22 11:03:56
622,14,El Grullo,2022-02-22 11:03:56
623,14,Tonaya,2022-02-22 11:03:56
624,14,Tuxcacuesco,2022-02-22 11:03:56
625,14,Villa Purificación,2022-02-22 11:03:56
626,14,La Huerta,2022-02-22 11:03:56
627,14,Autlán de Navarro,2022-02-22 11:03:56
628,14,Casimiro Castillo,2022-02-22 11:03:56
629,14,Cuautitlán de García Barragán,2022-02-22 11:03:56
630,14,Cihuatlán,2022-02-22 11:03:56
631,14,Zapotlán el Grande,2022-02-22 11:03:56
632,14,Gómez Farías,2022-02-22 11:03:56
633,14,Concepción de Buenos Aires,2022-02-22 11:03:56
634,14,Atoyac,2022-02-22 11:03:56
635,14,Techaluta de Montenegro,2022-02-22 11:03:56
636,14,Teocuitatlán de Corona,2022-02-22 11:03:56
637,14,Sayula,2022-02-22 11:03:56
638,14,Tapalpa,2022-02-22 11:03:56
639,14,Amacueca,2022-02-22 11:03:56
640,14,Tizapán el Alto,2022-02-22 11:03:56
641,14,Tuxcueca,2022-02-22 11:03:56
642,14,La Manzanilla de la Paz,2022-02-22 11:03:56
643,14,Mazamitla,2022-02-22 11:03:56
644,14,Valle de Juárez,2022-02-22 11:03:56
645,14,Quitupan,2022-02-22 11:03:56
646,14,Zapotiltic,2022-02-22 11:03:56
647,14,Tamazula de Gordiano,2022-02-22 11:03:56
648,14,San Gabriel,2022-02-22 11:03:56
649,14,Tolimán,2022-02-22 11:03:56
650,14,Zapotitlán de Vadillo,2022-02-22 11:03:56
651,14,Tuxpan,2022-02-22 11:03:56
652,14,Tonila,2022-02-22 11:03:56
653,14,Pihuamo,2022-02-22 11:03:56
654,14,Tecalitlán,2022-02-22 11:03:56
655,14,Jilotlán de los Dolores,2022-02-22 11:03:56
656,14,Santa María del Oro,2022-02-22 11:03:56
657,15,Toluca,2022-02-22 11:03:56
658,15,Acambay de Ruíz Castañeda,2022-02-22 11:03:56
659,15,Aculco,2022-02-22 11:03:56
660,15,Temascalcingo,2022-02-22 11:03:56
661,15,Atlacomulco,2022-02-22 11:03:56
662,15,Timilpan,2022-02-22 11:03:56
663,15,Morelos,2022-02-22 11:03:56
664,15,El Oro,2022-02-22 11:03:56
665,15,San Felipe del Progreso,2022-02-22 11:03:56
666,15,San José del Rincón,2022-02-22 11:03:56
667,15,Jocotitlán,2022-02-22 11:03:56
668,15,Ixtlahuaca,2022-02-22 11:03:56
669,15,Jiquipilco,2022-02-22 11:03:56
670,15,Temoaya,2022-02-22 11:03:56
671,15,Almoloya de Juárez,2022-02-22 11:03:56
672,15,Villa Victoria,2022-02-22 11:03:56
673,15,Villa de Allende,2022-02-22 11:03:56
674,15,Donato Guerra,2022-02-22 11:03:56
675,15,Ixtapan del Oro,2022-02-22 11:03:56
676,15,Santo Tomás,2022-02-22 11:03:56
677,15,Otzoloapan,2022-02-22 11:03:56
678,15,Zacazonapan,2022-02-22 11:03:56
679,15,Valle de Bravo,2022-02-22 11:03:56
680,15,Amanalco,2022-02-22 11:03:56
681,15,Temascaltepec,2022-02-22 11:03:56
682,15,Zinacantepec,2022-02-22 11:03:56
683,15,Tejupilco,2022-02-22 11:03:56
684,15,Luvianos,2022-02-22 11:03:56
685,15,San Simón de Guerrero,2022-02-22 11:03:56
686,15,Amatepec,2022-02-22 11:03:56
687,15,Tlatlaya,2022-02-22 11:03:56
688,15,Sultepec,2022-02-22 11:03:56
689,15,Texcaltitlán,2022-02-22 11:03:56
690,15,Coatepec Harinas,2022-02-22 11:03:56
691,15,Villa Guerrero,2022-02-22 11:03:56
692,15,Zacualpan,2022-02-22 11:03:56
693,15,Almoloya de Alquisiras,2022-02-22 11:03:56
694,15,Ixtapan de la Sal,2022-02-22 11:03:56
695,15,Tonatico,2022-02-22 11:03:56
696,15,Zumpahuacán,2022-02-22 11:03:56
697,15,Lerma,2022-02-22 11:03:56
698,15,Xonacatlán,2022-02-22 11:03:56
699,15,Otzolotepec,2022-02-22 11:03:56
700,15,San Mateo Atenco,2022-02-22 11:03:56
701,15,Metepec,2022-02-22 11:03:56
702,15,Mexicaltzingo,2022-02-22 11:03:56
703,15,Calimaya,2022-02-22 11:03:56
704,15,Chapultepec,2022-02-22 11:03:56
705,15,San Antonio la Isla,2022-02-22 11:03:56
706,15,Tenango del Valle,2022-02-22 11:03:56
707,15,Rayón,2022-02-22 11:03:56
708,15,Joquicingo,2022-02-22 11:03:56
709,15,Tenancingo,2022-02-22 11:03:56
710,15,Malinalco,2022-02-22 11:03:56
711,15,Ocuilan,2022-02-22 11:03:56
712,15,Atizapán,2022-02-22 11:03:56
713,15,Almoloya del Río,2022-02-22 11:03:56
714,15,Texcalyacac,2022-02-22 11:03:56
715,15,Tianguistenco,2022-02-22 11:03:56
716,15,Xalatlaco,2022-02-22 11:03:56
717,15,Capulhuac,2022-02-22 11:03:56
718,15,Ocoyoacac,2022-02-22 11:03:56
719,15,Huixquilucan,2022-02-22 11:03:56
720,15,Atizapán de Zaragoza,2022-02-22 11:03:56
721,15,Naucalpan de Juárez,2022-02-22 11:03:56
722,15,Tlalnepantla de Baz,2022-02-22 11:03:56
723,15,Polotitlán,2022-02-22 11:03:56
724,15,Jilotepec,2022-02-22 11:03:56
725,15,Soyaniquilpan de Juárez,2022-02-22 11:03:56
726,15,Villa del Carbón,2022-02-22 11:03:56
727,15,Chapa de Mota,2022-02-22 11:03:56
728,15,Nicolás Romero,2022-02-22 11:03:56
729,15,Isidro Fabela,2022-02-22 11:03:56
730,15,Jilotzingo,2022-02-22 11:03:56
731,15,Tepotzotlán,2022-02-22 11:03:56
732,15,Coyotepec,2022-02-22 11:03:56
733,15,Huehuetoca,2022-02-22 11:03:56
734,15,Cuautitlán Izcalli,2022-02-22 11:03:56
735,15,Teoloyucan,2022-02-22 11:03:56
736,15,Cuautitlán,2022-02-22 11:03:56
737,15,Melchor Ocampo,2022-02-22 11:03:56
738,15,Tultitlán,2022-02-22 11:03:56
739,15,Tultepec,2022-02-22 11:03:56
740,15,Ecatepec de Morelos,2022-02-22 11:03:56
741,15,Zumpango,2022-02-22 11:03:56
742,15,Tequixquiac,2022-02-22 11:03:56
743,15,Apaxco,2022-02-22 11:03:56
744,15,Hueypoxtla,2022-02-22 11:03:56
745,15,Coacalco de Berriozábal,2022-02-22 11:03:56
746,15,Tecámac,2022-02-22 11:03:56
747,15,Jaltenco,2022-02-22 11:03:56
748,15,Tonanitla,2022-02-22 11:03:56
749,15,Nextlalpan,2022-02-22 11:03:56
750,15,Teotihuacán,2022-02-22 11:03:56
751,15,San Martín de las Pirámides,2022-02-22 11:03:56
752,15,Acolman,2022-02-22 11:03:56
753,15,Otumba,2022-02-22 11:03:56
754,15,Axapusco,2022-02-22 11:03:56
755,15,Nopaltepec,2022-02-22 11:03:56
756,15,Temascalapa,2022-02-22 11:03:56
757,15,Tezoyuca,2022-02-22 11:03:56
758,15,Chiautla,2022-02-22 11:03:56
759,15,Papalotla,2022-02-22 11:03:56
760,15,Tepetlaoxtoc,2022-02-22 11:03:56
761,15,Texcoco,2022-02-22 11:03:56
762,15,Chiconcuac,2022-02-22 11:03:56
763,15,Atenco,2022-02-22 11:03:56
764,15,Chimalhuacán,2022-02-22 11:03:56
765,15,Chicoloapan,2022-02-22 11:03:56
766,15,La Paz,2022-02-22 11:03:56
767,15,Ixtapaluca,2022-02-22 11:03:56
768,15,Chalco,2022-02-22 11:03:56
769,15,Valle de Chalco Solidaridad,2022-02-22 11:03:56
770,15,Temamatla,2022-02-22 11:03:56
771,15,Cocotitlán,2022-02-22 11:03:56
772,15,Tlalmanalco,2022-02-22 11:03:56
773,15,Ayapango,2022-02-22 11:03:56
774,15,Tenango del Aire,2022-02-22 11:03:56
775,15,Ozumba,2022-02-22 11:03:56
776,15,Juchitepec,2022-02-22 11:03:56
777,15,Tepetlixpa,2022-02-22 11:03:56
778,15,Amecameca,2022-02-22 11:03:56
779,15,Atlautla,2022-02-22 11:03:56
780,15,Ecatzingo,2022-02-22 11:03:56
781,15,Nezahualcóyotl,2022-02-22 11:03:56
782,16,Morelia,2022-02-22 11:03:56
783,16,Huaniqueo,2022-02-22 11:03:56
784,16,Coeneo,2022-02-22 11:03:56
785,16,Quiroga,2022-02-22 11:03:56
786,16,Tzintzuntzan,2022-02-22 11:03:56
787,16,Lagunillas,2022-02-22 11:03:56
788,16,Acuitzio,2022-02-22 11:03:56
789,16,Madero,2022-02-22 11:03:56
790,16,Puruándiro,2022-02-22 11:03:56
791,16,José Sixto Verduzco,2022-02-22 11:03:56
792,16,Angamacutiro,2022-02-22 11:03:56
793,16,Panindícuaro,2022-02-22 11:03:56
794,16,Zacapu,2022-02-22 11:03:56
795,16,Tlazazalca,2022-02-22 11:03:56
796,16,Purépero,2022-02-22 11:03:56
797,16,Jiménez,2022-02-22 11:03:56
798,16,Morelos,2022-02-22 11:03:56
799,16,Huandacareo,2022-02-22 11:03:56
800,16,Cuitzeo,2022-02-22 11:03:56
801,16,Chucándiro,2022-02-22 11:03:56
802,16,Copándaro,2022-02-22 11:03:56
803,16,Tarímbaro,2022-02-22 11:03:56
804,16,Santa Ana Maya,2022-02-22 11:03:56
805,16,Álvaro Obregón,2022-02-22 11:03:56
806,16,Zinapécuaro,2022-02-22 11:03:56
807,16,Indaparapeo,2022-02-22 11:03:56
808,16,Queréndaro,2022-02-22 11:03:56
809,16,Sahuayo,2022-02-22 11:03:56
810,16,Briseñas,2022-02-22 11:03:56
811,16,Cojumatlán de Régules,2022-02-22 11:03:56
812,16,Venustiano Carranza,2022-02-22 11:03:56
813,16,Pajacuarán,2022-02-22 11:03:56
814,16,Vista Hermosa,2022-02-22 11:03:56
815,16,Tanhuato,2022-02-22 11:03:56
816,16,Yurécuaro,2022-02-22 11:03:56
817,16,Ixtlán,2022-02-22 11:03:56
818,16,La Piedad,2022-02-22 11:03:56
819,16,Numarán,2022-02-22 11:03:56
820,16,Churintzio,2022-02-22 11:03:56
821,16,Zináparo,2022-02-22 11:03:56
822,16,Penjamillo,2022-02-22 11:03:56
823,16,Marcos Castellanos,2022-02-22 11:03:56
824,16,Jiquilpan,2022-02-22 11:03:56
825,16,Villamar,2022-02-22 11:03:56
826,16,Chavinda,2022-02-22 11:03:56
827,16,Zamora,2022-02-22 11:03:56
828,16,Ecuandureo,2022-02-22 11:03:56
829,16,Tangancícuaro,2022-02-22 11:03:56
830,16,Chilchota,2022-02-22 11:03:56
831,16,Jacona,2022-02-22 11:03:56
832,16,Tangamandapio,2022-02-22 11:03:56
833,16,Cotija,2022-02-22 11:03:56
834,16,Tocumbo,2022-02-22 11:03:56
835,16,Tingüindín,2022-02-22 11:03:56
836,16,Uruapan,2022-02-22 11:03:56
837,16,Charapan,2022-02-22 11:03:56
838,16,Paracho,2022-02-22 11:03:56
839,16,Cherán,2022-02-22 11:03:56
840,16,Nahuatzen,2022-02-22 11:03:56
841,16,Tingambato,2022-02-22 11:03:56
842,16,Los Reyes,2022-02-22 11:03:56
843,16,Peribán,2022-02-22 11:03:56
844,16,Tancítaro,2022-02-22 11:03:56
845,16,Nuevo Parangaricutiro,2022-02-22 11:03:56
846,16,Buenavista,2022-02-22 11:03:56
847,16,Tepalcatepec,2022-02-22 11:03:56
848,16,Aguililla,2022-02-22 11:03:56
849,16,Apatzingán,2022-02-22 11:03:56
850,16,Parácuaro,2022-02-22 11:03:56
851,16,Coahuayana,2022-02-22 11:03:56
852,16,Chinicuila,2022-02-22 11:03:56
853,16,Coalcomán de Vázquez Pallares,2022-02-22 11:03:56
854,16,Aquila,2022-02-22 11:03:56
855,16,Tumbiscatío,2022-02-22 11:03:56
856,16,Arteaga,2022-02-22 11:03:56
857,16,Lázaro Cárdenas,2022-02-22 11:03:56
858,16,Epitacio Huerta,2022-02-22 11:03:56
859,16,Contepec,2022-02-22 11:03:56
860,16,Tlalpujahua,2022-02-22 11:03:56
861,16,Hidalgo,2022-02-22 11:03:56
862,16,Maravatío,2022-02-22 11:03:56
863,16,Irimbo,2022-02-22 11:03:56
864,16,Senguio,2022-02-22 11:03:56
865,16,Charo,2022-02-22 11:03:56
866,16,Tzitzio,2022-02-22 11:03:56
867,16,Tiquicheo de Nicolás Romero,2022-02-22 11:03:56
868,16,Aporo,2022-02-22 11:03:56
869,16,Angangueo,2022-02-22 11:03:56
870,16,Tuxpan,2022-02-22 11:03:56
871,16,Ocampo,2022-02-22 11:03:56
872,16,Jungapeo,2022-02-22 11:03:56
873,16,Zitácuaro,2022-02-22 11:03:56
874,16,Tuzantla,2022-02-22 11:03:56
875,16,Juárez,2022-02-22 11:03:56
876,16,Susupuato,2022-02-22 11:03:56
877,16,Pátzcuaro,2022-02-22 11:03:56
878,16,Erongarícuaro,2022-02-22 11:03:56
879,16,Huiramba,2022-02-22 11:03:56
880,16,Tacámbaro,2022-02-22 11:03:56
881,16,Turicato,2022-02-22 11:03:56
882,16,Ziracuaretiro,2022-02-22 11:03:56
883,16,Taretan,2022-02-22 11:03:56
884,16,Gabriel Zamora,2022-02-22 11:03:56
885,16,Nuevo Urecho,2022-02-22 11:03:56
886,16,Múgica,2022-02-22 11:03:56
887,16,Salvador Escalante,2022-02-22 11:03:56
888,16,Ario,2022-02-22 11:03:56
889,16,La Huacana,2022-02-22 11:03:56
890,16,Churumuco,2022-02-22 11:03:56
891,16,Nocupétaro,2022-02-22 11:03:56
892,16,Carácuaro,2022-02-22 11:03:56
893,16,Huetamo,2022-02-22 11:03:56
894,16,San Lucas,2022-02-22 11:03:56
895,17,Cuernavaca,2022-02-22 11:03:56
896,17,Huitzilac,2022-02-22 11:03:56
897,17,Tepoztlán,2022-02-22 11:03:56
898,17,Tlalnepantla,2022-02-22 11:03:56
899,17,Tlayacapan,2022-02-22 11:03:56
900,17,Jiutepec,2022-02-22 11:03:56
901,17,Temixco,2022-02-22 11:03:56
902,17,Miacatlán,2022-02-22 11:03:56
903,17,Coatlán del Río,2022-02-22 11:03:56
904,17,Tetecala,2022-02-22 11:03:56
905,17,Mazatepec,2022-02-22 11:03:56
906,17,Amacuzac,2022-02-22 11:03:56
907,17,Puente de Ixtla,2022-02-22 11:03:56
908,17,Ayala,2022-02-22 11:03:56
909,17,Yautepec,2022-02-22 11:03:56
910,17,Cuautla,2022-02-22 11:03:56
911,17,Emiliano Zapata,2022-02-22 11:03:56
912,17,Tlaltizapán de Zapata,2022-02-22 11:03:56
913,17,Zacatepec,2022-02-22 11:03:56
914,17,Xochitepec,2022-02-22 11:03:56
915,17,Tetela del Volcán,2022-02-22 11:03:56
916,17,Yecapixtla,2022-02-22 11:03:56
917,17,Totolapan,2022-02-22 11:03:56
918,17,Atlatlahucan,2022-02-22 11:03:56
919,17,Ocuituco,2022-02-22 11:03:56
920,17,Temoac,2022-02-22 11:03:56
921,17,Zacualpan,2022-02-22 11:03:56
922,17,Jojutla,2022-02-22 11:03:56
923,17,Tepalcingo,2022-02-22 11:03:56
924,17,Jonacatepec,2022-02-22 11:03:56
925,17,Axochiapan,2022-02-22 11:03:56
926,17,Jantetelco,2022-02-22 11:03:56
927,17,Tlaquiltenango,2022-02-22 11:03:56
928,18,Tepic,2022-02-22 11:03:56
929,18,Tuxpan,2022-02-22 11:03:56
930,18,Santiago Ixcuintla,2022-02-22 11:03:56
931,18,Acaponeta,2022-02-22 11:03:56
932,18,Tecuala,2022-02-22 11:03:56
933,18,Huajicori,2022-02-22 11:03:56
934,18,Del Nayar,2022-02-22 11:03:56
935,18,La Yesca,2022-02-22 11:03:56
936,18,Ruíz,2022-02-22 11:03:56
937,18,Rosamorada,2022-02-22 11:03:56
938,18,Compostela,2022-02-22 11:03:56
939,18,Bahía de Banderas,2022-02-22 11:03:56
940,18,San Blas,2022-02-22 11:03:56
941,18,Xalisco,2022-02-22 11:03:56
942,18,San Pedro Lagunillas,2022-02-22 11:03:56
943,18,Santa María del Oro,2022-02-22 11:03:56
944,18,Jala,2022-02-22 11:03:56
945,18,Ahuacatlán,2022-02-22 11:03:56
946,18,Ixtlán del Río,2022-02-22 11:03:56
947,18,Amatlán de Cañas,2022-02-22 11:03:56
948,19,Monterrey,2022-02-22 11:03:56
949,19,Anáhuac,2022-02-22 11:03:56
950,19,Lampazos de Naranjo,2022-02-22 11:03:56
951,19,Mina,2022-02-22 11:03:56
952,19,Bustamante,2022-02-22 11:03:56
953,19,Sabinas Hidalgo,2022-02-22 11:03:56
954,19,Villaldama,2022-02-22 11:03:56
955,19,Vallecillo,2022-02-22 11:03:56
956,19,Parás,2022-02-22 11:03:56
957,19,Salinas Victoria,2022-02-22 11:03:56
958,19,Ciénega de Flores,2022-02-22 11:03:56
959,19,Hidalgo,2022-02-22 11:03:56
960,19,Abasolo,2022-02-22 11:03:56
961,19,Higueras,2022-02-22 11:03:56
962,19,General Zuazua,2022-02-22 11:03:56
963,19,Agualeguas,2022-02-22 11:03:56
964,19,General Treviño,2022-02-22 11:03:56
965,19,Cerralvo,2022-02-22 11:03:56
966,19,Melchor Ocampo,2022-02-22 11:03:56
967,19,García,2022-02-22 11:03:56
968,19,General Escobedo,2022-02-22 11:03:56
969,19,Santa Catarina,2022-02-22 11:03:56
970,19,San Pedro Garza García,2022-02-22 11:03:56
971,19,San Nicolás de los Garza,2022-02-22 11:03:56
972,19,El Carmen,2022-02-22 11:03:56
973,19,Apodaca,2022-02-22 11:03:56
974,19,Pesquería,2022-02-22 11:03:56
975,19,Marín,2022-02-22 11:03:56
976,19,Doctor González,2022-02-22 11:03:56
977,19,Los Ramones,2022-02-22 11:03:56
978,19,Los Herreras,2022-02-22 11:03:56
979,19,Los Aldamas,2022-02-22 11:03:56
980,19,Doctor Coss,2022-02-22 11:03:56
981,19,General Bravo,2022-02-22 11:03:56
982,19,China,2022-02-22 11:03:56
983,19,Guadalupe,2022-02-22 11:03:56
984,19,Juárez,2022-02-22 11:03:56
985,19,Santiago,2022-02-22 11:03:56
986,19,Allende,2022-02-22 11:03:56
987,19,General Terán,2022-02-22 11:03:56
988,19,Cadereyta Jiménez,2022-02-22 11:03:56
989,19,Montemorelos,2022-02-22 11:03:56
990,19,Rayones,2022-02-22 11:03:56
991,19,Linares,2022-02-22 11:03:56
992,19,Iturbide,2022-02-22 11:03:56
993,19,Galeana,2022-02-22 11:03:56
994,19,Hualahuises,2022-02-22 11:03:56
995,19,Doctor Arroyo,2022-02-22 11:03:56
996,19,Aramberri,2022-02-22 11:03:56
997,19,General Zaragoza,2022-02-22 11:03:56
998,19,Mier y Noriega,2022-02-22 11:03:56
999,20,Oaxaca de Juárez,2022-02-22 11:03:56
1000,20,Villa de Etla,2022-02-22 11:03:56
1001,20,San Juan Bautista Atatlahuca,2022-02-22 11:03:56
1002,20,San Jerónimo Sosola,2022-02-22 11:03:56
1003,20,San Juan Bautista Jayacatlán,2022-02-22 11:03:56
1004,20,San Francisco Telixtlahuaca,2022-02-22 11:03:56
1005,20,Santiago Tenango,2022-02-22 11:03:56
1006,20,San Pablo Huitzo,2022-02-22 11:03:56
1007,20,San Juan del Estado,2022-02-22 11:03:56
1008,20,Magdalena Apasco,2022-02-22 11:03:56
1009,20,Santiago Suchilquitongo,2022-02-22 11:03:56
1010,20,San Juan Bautista Guelache,2022-02-22 11:03:56
1011,20,Reyes Etla,2022-02-22 11:03:56
1012,20,Nazareno Etla,2022-02-22 11:03:56
1013,20,San Andrés Zautla,2022-02-22 11:03:56
1014,20,San Agustín Etla,2022-02-22 11:03:56
1015,20,Soledad Etla,2022-02-22 11:03:56
1016,20,Santo Tomás Mazaltepec,2022-02-22 11:03:56
1017,20,Guadalupe Etla,2022-02-22 11:03:56
1018,20,San Pablo Etla,2022-02-22 11:03:56
1019,20,San Felipe Tejalápam,2022-02-22 11:03:56
1020,20,San Lorenzo Cacaotepec,2022-02-22 11:03:56
1021,20,Santa María Peñoles,2022-02-22 11:03:56
1022,20,Santiago Tlazoyaltepec,2022-02-22 11:03:56
1023,20,Tlalixtac de Cabrera,2022-02-22 11:03:56
1024,20,San Jacinto Amilpas,2022-02-22 11:03:56
1025,20,San Andrés Huayápam,2022-02-22 11:03:56
1026,20,San Agustín Yatareni,2022-02-22 11:03:56
1027,20,Santo Domingo Tomaltepec,2022-02-22 11:03:56
1028,20,Santa María del Tule,2022-02-22 11:03:56
1029,20,San Juan Bautista Tuxtepec,2022-02-22 11:03:56
1030,20,Loma Bonita,2022-02-22 11:03:56
1031,20,San José Independencia,2022-02-22 11:03:56
1032,20,Cosolapa,2022-02-22 11:03:56
1033,20,Acatlán de Pérez Figueroa,2022-02-22 11:03:56
1034,20,San Miguel Soyaltepec,2022-02-22 11:03:56
1035,20,Ayotzintepec,2022-02-22 11:03:56
1036,20,San Pedro Ixcatlán,2022-02-22 11:03:56
1037,20,San José Chiltepec,2022-02-22 11:03:56
1038,20,San Felipe Jalapa de Díaz,2022-02-22 11:03:56
1039,20,Santa María Jacatepec,2022-02-22 11:03:56
1040,20,San Lucas Ojitlán,2022-02-22 11:03:56
1041,20,San Juan Bautista Valle Nacional,2022-02-22 11:03:56
1042,20,San Felipe Usila,2022-02-22 11:03:56
1043,20,Huautla de Jiménez,2022-02-22 11:03:56
1044,20,Santa María Chilchotla,2022-02-22 11:03:56
1045,20,Santa Ana Ateixtlahuaca,2022-02-22 11:03:56
1046,20,San Lorenzo Cuaunecuiltitla,2022-02-22 11:03:56
1047,20,San Francisco Huehuetlán,2022-02-22 11:03:56
1048,20,San Pedro Ocopetatillo,2022-02-22 11:03:56
1049,20,Santa Cruz Acatepec,2022-02-22 11:03:56
1050,20,Eloxochitlán de Flores Magón,2022-02-22 11:03:56
1051,20,Santiago Texcalcingo,2022-02-22 11:03:56
1052,20,Teotitlán de Flores Magón,2022-02-22 11:03:56
1053,20,Santa María Teopoxco,2022-02-22 11:03:56
1054,20,San Martín Toxpalan,2022-02-22 11:03:56
1055,20,San Jerónimo Tecóatl,2022-02-22 11:03:56
1056,20,Santa María la Asunción,2022-02-22 11:03:56
1057,20,Huautepec,2022-02-22 11:03:56
1058,20,San Juan Coatzóspam,2022-02-22 11:03:56
1059,20,San Lucas Zoquiápam,2022-02-22 11:03:56
1060,20,San Antonio Nanahuatípam,2022-02-22 11:03:56
1061,20,San José Tenango,2022-02-22 11:03:56
1062,20,San Mateo Yoloxochitlán,2022-02-22 11:03:56
1063,20,San Bartolomé Ayautla,2022-02-22 11:03:56
1064,20,Mazatlán Villa de Flores,2022-02-22 11:03:56
1065,20,San Juan de los Cués,2022-02-22 11:03:56
1066,20,Santa María Tecomavaca,2022-02-22 11:03:56
1067,20,Santa María Ixcatlán,2022-02-22 11:03:56
1068,20,San Juan Bautista Cuicatlán,2022-02-22 11:03:56
1069,20,Cuyamecalco Villa de Zaragoza,2022-02-22 11:03:56
1070,20,Santa Ana Cuauhtémoc,2022-02-22 11:03:56
1071,20,Chiquihuitlán de Benito Juárez,2022-02-22 11:03:56
1072,20,San Pedro Teutila,2022-02-22 11:03:56
1073,20,San Miguel Santa Flor,2022-02-22 11:03:56
1074,20,Santa María Tlalixtac,2022-02-22 11:03:56
1075,20,San Andrés Teotilálpam,2022-02-22 11:03:56
1076,20,San Francisco Chapulapa,2022-02-22 11:03:56
1077,20,Concepción Pápalo,2022-02-22 11:03:56
1078,20,Santos Reyes Pápalo,2022-02-22 11:03:56
1079,20,San Juan Bautista Tlacoatzintepec,2022-02-22 11:03:56
1080,20,Santa María Pápalo,2022-02-22 11:03:56
1081,20,San Juan Tepeuxila,2022-02-22 11:03:56
1082,20,San Pedro Sochiápam,2022-02-22 11:03:56
1083,20,Valerio Trujano,2022-02-22 11:03:56
1084,20,San Pedro Jocotipac,2022-02-22 11:03:56
1085,20,Santa María Texcatitlán,2022-02-22 11:03:56
1086,20,San Pedro Jaltepetongo,2022-02-22 11:03:56
1087,20,Santiago Nacaltepec,2022-02-22 11:03:56
1088,20,Natividad,2022-02-22 11:03:56
1089,20,San Juan Quiotepec,2022-02-22 11:03:56
1090,20,San Pedro Yólox,2022-02-22 11:03:56
1091,20,Santiago Comaltepec,2022-02-22 11:03:56
1092,20,Abejones,2022-02-22 11:03:56
1093,20,San Pablo Macuiltianguis,2022-02-22 11:03:56
1094,20,Ixtlán de Juárez,2022-02-22 11:03:56
1095,20,San Juan Atepec,2022-02-22 11:03:56
1096,20,San Pedro Yaneri,2022-02-22 11:03:56
1097,20,San Miguel Aloápam,2022-02-22 11:03:56
1098,20,Teococuilco de Marcos Pérez,2022-02-22 11:03:56
1099,20,Santa Ana Yareni,2022-02-22 11:03:56
1100,20,San Juan Evangelista Analco,2022-02-22 11:03:56
1101,20,Santa María Jaltianguis,2022-02-22 11:03:56
1102,20,San Miguel del Río,2022-02-22 11:03:56
1103,20,San Juan Chicomezúchil,2022-02-22 11:03:56
1104,20,Capulálpam de Méndez,2022-02-22 11:03:56
1105,20,Nuevo Zoquiápam,2022-02-22 11:03:56
1106,20,Santiago Xiacuí,2022-02-22 11:03:56
1107,20,Guelatao de Juárez,2022-02-22 11:03:56
1108,20,Santa Catarina Ixtepeji,2022-02-22 11:03:56
1109,20,San Miguel Yotao,2022-02-22 11:03:56
1110,20,Santa Catarina Lachatao,2022-02-22 11:03:56
1111,20,San Miguel Amatlán,2022-02-22 11:03:56
1112,20,Santa María Yavesía,2022-02-22 11:03:56
1113,20,Santiago Laxopa,2022-02-22 11:03:56
1114,20,San Ildefonso Villa Alta,2022-02-22 11:03:56
1115,20,Santiago Camotlán,2022-02-22 11:03:56
1116,20,San Juan Yaeé,2022-02-22 11:03:56
1117,20,Santiago Lalopa,2022-02-22 11:03:56
1118,20,San Juan Yatzona,2022-02-22 11:03:56
1119,20,Villa Talea de Castro,2022-02-22 11:03:56
1120,20,Tanetze de Zaragoza,2022-02-22 11:03:56
1121,20,San Juan Juquila Vijanos,2022-02-22 11:03:56
1122,20,San Cristóbal Lachirioag,2022-02-22 11:03:56
1123,20,Santa María Temaxcalapa,2022-02-22 11:03:56
1124,20,Santo Domingo Roayaga,2022-02-22 11:03:56
1125,20,Santa María Yalina,2022-02-22 11:03:56
1126,20,San Andrés Solaga,2022-02-22 11:03:56
1127,20,San Juan Tabaá,2022-02-22 11:03:56
1128,20,San Melchor Betaza,2022-02-22 11:03:56
1129,20,San Andrés Yaá,2022-02-22 11:03:56
1130,20,San Bartolomé Zoogocho,2022-02-22 11:03:56
1131,20,San Baltazar Yatzachi el Bajo,2022-02-22 11:03:56
1132,20,Santiago Zoochila,2022-02-22 11:03:56
1133,20,Villa Hidalgo,2022-02-22 11:03:56
1134,20,San Francisco Cajonos,2022-02-22 11:03:56
1135,20,San Mateo Cajonos,2022-02-22 11:03:56
1136,20,San Pedro Cajonos,2022-02-22 11:03:56
1137,20,Santo Domingo Xagacía,2022-02-22 11:03:56
1138,20,San Pablo Yaganiza,2022-02-22 11:03:56
1139,20,Santiago Choápam,2022-02-22 11:03:56
1140,20,Santiago Jocotepec,2022-02-22 11:03:56
1141,20,San Juan Lalana,2022-02-22 11:03:56
1142,20,Santiago Yaveo,2022-02-22 11:03:56
1143,20,San Juan Petlapa,2022-02-22 11:03:56
1144,20,San Juan Comaltepec,2022-02-22 11:03:56
1145,20,Heroica Ciudad de Huajuapan de León,2022-02-22 11:03:56
1146,20,Santiago Chazumba,2022-02-22 11:03:56
1147,20,Cosoltepec,2022-02-22 11:03:56
1148,20,San Pedro y San Pablo Tequixtepec,2022-02-22 11:03:56
1149,20,San Juan Bautista Suchitepec,2022-02-22 11:03:56
1150,20,Santa Catarina Zapoquila,2022-02-22 11:03:56
1151,20,Santiago Miltepec,2022-02-22 11:03:56
1152,20,San Jerónimo Silacayoapilla,2022-02-22 11:03:56
1153,20,Zapotitlán Palmas,2022-02-22 11:03:56
1154,20,San Andrés Dinicuiti,2022-02-22 11:03:56
1155,20,Santiago Cacaloxtepec,2022-02-22 11:03:56
1156,20,Asunción Cuyotepeji,2022-02-22 11:03:56
1157,20,Santa María Camotlán,2022-02-22 11:03:56
1158,20,Santiago Huajolotitlán,2022-02-22 11:03:56
1159,20,Santiago Tamazola,2022-02-22 11:03:56
1160,20,San Juan Cieneguilla,2022-02-22 11:03:56
1161,20,Zapotitlán Lagunas,2022-02-22 11:03:56
1162,20,San Juan Ihualtepec,2022-02-22 11:03:56
1163,20,San Nicolás Hidalgo,2022-02-22 11:03:56
1164,20,Guadalupe de Ramírez,2022-02-22 11:03:56
1165,20,San Andrés Tepetlapa,2022-02-22 11:03:56
1166,20,San Miguel Ahuehuetitlán,2022-02-22 11:03:56
1167,20,San Mateo Nejápam,2022-02-22 11:03:56
1168,20,San Juan Bautista Tlachichilco,2022-02-22 11:03:56
1169,20,Tezoatlán de Segura y Luna,2022-02-22 11:03:56
1170,20,Fresnillo de Trujano,2022-02-22 11:03:56
1171,20,Santiago Ayuquililla,2022-02-22 11:03:56
1172,20,San José Ayuquila,2022-02-22 11:03:56
1173,20,San Martín Zacatepec,2022-02-22 11:03:56
1174,20,San Miguel Amatitlán,2022-02-22 11:03:56
1175,20,Mariscala de Juárez,2022-02-22 11:03:56
1176,20,Santa Cruz Tacache de Mina,2022-02-22 11:03:56
1177,20,San Simón Zahuatlán,2022-02-22 11:03:56
1178,20,San Marcos Arteaga,2022-02-22 11:03:56
1179,20,San Jorge Nuchita,2022-02-22 11:03:56
1180,20,Santos Reyes Yucuná,2022-02-22 11:03:56
1181,20,Santo Domingo Tonalá,2022-02-22 11:03:56
1182,20,Santo Domingo Yodohino,2022-02-22 11:03:56
1183,20,San Juan Bautista Coixtlahuaca,2022-02-22 11:03:56
1184,20,Tepelmeme Villa de Morelos,2022-02-22 11:03:56
1185,20,Concepción Buenavista,2022-02-22 11:03:56
1186,20,Santiago Ihuitlán Plumas,2022-02-22 11:03:56
1187,20,Tlacotepec Plumas,2022-02-22 11:03:56
1188,20,San Francisco Teopan,2022-02-22 11:03:56
1189,20,Santa Magdalena Jicotlán,2022-02-22 11:03:56
1190,20,San Mateo Tlapiltepec,2022-02-22 11:03:56
1191,20,San Miguel Tequixtepec,2022-02-22 11:03:56
1192,20,San Miguel Tulancingo,2022-02-22 11:03:56
1193,20,Santiago Tepetlapa,2022-02-22 11:03:56
1194,20,San Cristóbal Suchixtlahuaca,2022-02-22 11:03:56
1195,20,Santa María Nativitas,2022-02-22 11:03:56
1196,20,Silacayoápam,2022-02-22 11:03:56
1197,20,Santiago Yucuyachi,2022-02-22 11:03:56
1198,20,San Lorenzo Victoria,2022-02-22 11:03:56
1199,20,San Agustín Atenango,2022-02-22 11:03:56
1200,20,Calihualá,2022-02-22 11:03:56
1201,20,Santa Cruz de Bravo,2022-02-22 11:03:56
1202,20,Ixpantepec Nieves,2022-02-22 11:03:56
1203,20,San Francisco Tlapancingo,2022-02-22 11:03:56
1204,20,Santiago del Río,2022-02-22 11:03:56
1205,20,San Pedro y San Pablo Teposcolula,2022-02-22 11:03:56
1206,20,La Trinidad Vista Hermosa,2022-02-22 11:03:56
1207,20,Villa de Tamazulápam del Progreso,2022-02-22 11:03:56
1208,20,San Pedro Nopala,2022-02-22 11:03:56
1209,20,Teotongo,2022-02-22 11:03:56
1210,20,San Antonio Acutla,2022-02-22 11:03:56
1211,20,Villa Tejúpam de la Unión,2022-02-22 11:03:56
1212,20,Santo Domingo Tonaltepec,2022-02-22 11:03:56
1213,20,Villa de Chilapa de Díaz,2022-02-22 11:03:56
1214,20,San Antonino Monte Verde,2022-02-22 11:03:56
1215,20,San Andrés Lagunas,2022-02-22 11:03:56
1216,20,San Pedro Yucunama,2022-02-22 11:03:56
1217,20,San Juan Teposcolula,2022-02-22 11:03:56
1218,20,San Bartolo Soyaltepec,2022-02-22 11:03:56
1219,20,Santiago Yolomécatl,2022-02-22 11:03:56
1220,20,San Sebastián Nicananduta,2022-02-22 11:03:56
1221,20,Santo Domingo Tlatayápam,2022-02-22 11:03:56
1222,20,Santa María Nduayaco,2022-02-22 11:03:56
1223,20,San Vicente Nuñú,2022-02-22 11:03:56
1224,20,San Pedro Topiltepec,2022-02-22 11:03:56
1225,20,Santiago Nejapilla,2022-02-22 11:03:56
1226,20,Asunción Nochixtlán,2022-02-22 11:03:56
1227,20,San Miguel Huautla,2022-02-22 11:03:56
1228,20,San Miguel Chicahua,2022-02-22 11:03:56
1229,20,Santa María Apazco,2022-02-22 11:03:56
1230,20,Santiago Apoala,2022-02-22 11:03:56
1231,20,Santa María Chachoápam,2022-02-22 11:03:56
1232,20,San Pedro Coxcaltepec Cántaros,2022-02-22 11:03:56
1233,20,Santiago Huauclilla,2022-02-22 11:03:56
1234,20,Santo Domingo Yanhuitlán,2022-02-22 11:03:56
1235,20,San Andrés Sinaxtla,2022-02-22 11:03:56
1236,20,San Juan Yucuita,2022-02-22 11:03:56
1237,20,San Juan Sayultepec,2022-02-22 11:03:56
1238,20,Santiago Tillo,2022-02-22 11:03:56
1239,20,San Francisco Chindúa,2022-02-22 11:03:56
1240,20,San Mateo Etlatongo,2022-02-22 11:03:56
1241,20,Santa Inés de Zaragoza,2022-02-22 11:03:56
1242,20,Santiago Juxtlahuaca,2022-02-22 11:03:56
1243,20,San Miguel Tlacotepec,2022-02-22 11:03:56
1244,20,San Sebastián Tecomaxtlahuaca,2022-02-22 11:03:56
1245,20,Santos Reyes Tepejillo,2022-02-22 11:03:56
1246,20,San Juan Mixtepec -Dto. 08 -,2022-02-22 11:03:56
1247,20,San Martín Peras,2022-02-22 11:03:56
1248,20,Coicoyán de las Flores,2022-02-22 11:03:56
1249,20,Heroica Ciudad de Tlaxiaco,2022-02-22 11:03:56
1250,20,San Juan Ñumí,2022-02-22 11:03:56
1251,20,San Pedro Mártir Yucuxaco,2022-02-22 11:03:56
1252,20,San Martín Huamelúlpam,2022-02-22 11:03:56
1253,20,Santa Cruz Tayata,2022-02-22 11:03:56
1254,20,Santiago Nundiche,2022-02-22 11:03:56
1255,20,Santa María del Rosario,2022-02-22 11:03:56
1256,20,San Juan Achiutla,2022-02-22 11:03:56
1257,20,Santa Catarina Tayata,2022-02-22 11:03:56
1258,20,San Cristóbal Amoltepec,2022-02-22 11:03:56
1259,20,San Miguel Achiutla,2022-02-22 11:03:56
1260,20,San Martín Itunyoso,2022-02-22 11:03:56
1261,20,Magdalena Peñasco,2022-02-22 11:03:56
1262,20,San Bartolomé Yucuañe,2022-02-22 11:03:56
1263,20,Santa Cruz Nundaco,2022-02-22 11:03:56
1264,20,San Agustín Tlacotepec,2022-02-22 11:03:56
1265,20,Santo Tomás Ocotepec,2022-02-22 11:03:56
1266,20,San Antonio Sinicahua,2022-02-22 11:03:56
1267,20,San Mateo Peñasco,2022-02-22 11:03:56
1268,20,Santa María Tataltepec,2022-02-22 11:03:56
1269,20,San Pedro Molinos,2022-02-22 11:03:56
1270,20,Santa María Yosoyúa,2022-02-22 11:03:56
1271,20,San Juan Teita,2022-02-22 11:03:56
1272,20,Magdalena Jaltepec,2022-02-22 11:03:56
1273,20,Magdalena Yodocono de Porfirio Díaz,2022-02-22 11:03:56
1274,20,San Miguel Tecomatlán,2022-02-22 11:03:56
1275,20,Magdalena Zahuatlán,2022-02-22 11:03:56
1276,20,San Francisco Nuxaño,2022-02-22 11:03:56
1277,20,San Pedro Tidaá,2022-02-22 11:03:56
1278,20,San Francisco Jaltepetongo,2022-02-22 11:03:56
1279,20,Santiago Tilantongo,2022-02-22 11:03:56
1280,20,San Juan Diuxi,2022-02-22 11:03:56
1281,20,San Andrés Nuxiño,2022-02-22 11:03:56
1282,20,San Juan Tamazola,2022-02-22 11:03:56
1283,20,Santo Domingo Nuxaá,2022-02-22 11:03:56
1284,20,Yutanduchi de Guerrero,2022-02-22 11:03:56
1285,20,San Pedro Teozacoalco,2022-02-22 11:03:56
1286,20,San Miguel Piedras,2022-02-22 11:03:56
1287,20,San Mateo Sindihui,2022-02-22 11:03:56
1288,20,Heroica Ciudad de Juchitán de Zaragoza,2022-02-22 11:03:56
1289,20,Ciudad Ixtepec,2022-02-22 11:03:56
1290,20,El Espinal,2022-02-22 11:03:56
1291,20,Santo Domingo Ingenio,2022-02-22 11:03:56
1292,20,Santa María Xadani,2022-02-22 11:03:56
1293,20,Santiago Niltepec,2022-02-22 11:03:56
1294,20,San Dionisio del Mar,2022-02-22 11:03:56
1295,20,Asunción Ixtaltepec,2022-02-22 11:03:56
1296,20,San Francisco del Mar,2022-02-22 11:03:56
1297,20,Unión Hidalgo,2022-02-22 11:03:56
1298,20,San Miguel Chimalapa,2022-02-22 11:03:56
1299,20,Santo Domingo Zanatepec,2022-02-22 11:03:56
1300,20,Reforma de Pineda,2022-02-22 11:03:56
1301,20,San Francisco Ixhuatán,2022-02-22 11:03:56
1302,20,San Pedro Tapanatepec,2022-02-22 11:03:56
1303,20,Chahuites,2022-02-22 11:03:56
1304,20,Santiago Zacatepec,2022-02-22 11:03:56
1305,20,Santo Domingo Tepuxtepec,2022-02-22 11:03:56
1306,20,San Juan Cotzocón,2022-02-22 11:03:56
1307,20,San Juan Mazatlán,2022-02-22 11:03:56
1308,20,Totontepec Villa de Morelos,2022-02-22 11:03:56
1309,20,Mixistlán de la Reforma,2022-02-22 11:03:56
1310,20,Santa María Tlahuitoltepec,2022-02-22 11:03:56
1311,20,Santa María Alotepec,2022-02-22 11:03:56
1312,20,Santiago Atitlán,2022-02-22 11:03:56
1313,20,Tamazulápam del Espíritu Santo,2022-02-22 11:03:56
1314,20,San Pedro y San Pablo Ayutla,2022-02-22 11:03:56
1315,20,Santa María Tepantlali,2022-02-22 11:03:56
1316,20,San Miguel Quetzaltepec,2022-02-22 11:03:56
1317,20,Asunción Cacalotepec,2022-02-22 11:03:56
1318,20,San Pedro Ocotepec,2022-02-22 11:03:56
1319,20,San Lucas Camotlán,2022-02-22 11:03:56
1320,20,Santiago Ixcuintepec,2022-02-22 11:03:56
1321,20,Matías Romero Avendaño,2022-02-22 11:03:56
1322,20,San Juan Guichicovi,2022-02-22 11:03:56
1323,20,Santo Domingo Petapa,2022-02-22 11:03:56
1324,20,Santa María Chimalapa,2022-02-22 11:03:56
1325,20,Santa María Petapa,2022-02-22 11:03:56
1326,20,El Barrio de la Soledad,2022-02-22 11:03:56
1327,20,Tlacolula de Matamoros,2022-02-22 11:03:56
1328,20,San Sebastián Abasolo,2022-02-22 11:03:56
1329,20,Villa Díaz Ordaz,2022-02-22 11:03:56
1330,20,Santa María Guelacé,2022-02-22 11:03:56
1331,20,Teotitlán del Valle,2022-02-22 11:03:56
1332,20,San Francisco Lachigoló,2022-02-22 11:03:56
1333,20,San Sebastián Teitipac,2022-02-22 11:03:56
1334,20,Santa Ana del Valle,2022-02-22 11:03:56
1335,20,San Pablo Villa de Mitla,2022-02-22 11:03:56
1336,20,Santiago Matatlán,2022-02-22 11:03:56
1337,20,Santo Domingo Albarradas,2022-02-22 11:03:56
1338,20,Rojas de Cuauhtémoc,2022-02-22 11:03:56
1339,20,San Juan Teitipac,2022-02-22 11:03:56
1340,20,Santa Cruz Papalutla,2022-02-22 11:03:56
1341,20,Magdalena Teitipac,2022-02-22 11:03:56
1342,20,San Jerónimo Tlacochahuaya,2022-02-22 11:03:56
1343,20,San Juan Guelavía,2022-02-22 11:03:56
1344,20,San Lucas Quiaviní,2022-02-22 11:03:56
1345,20,San Juan del Río,2022-02-22 11:03:56
1346,20,San Bartolomé Quialana,2022-02-22 11:03:56
1347,20,San Lorenzo Albarradas,2022-02-22 11:03:56
1348,20,San Pedro Totolápam,2022-02-22 11:03:56
1349,20,San Pedro Quiatoni,2022-02-22 11:03:56
1350,20,Santa María Zoquitlán,2022-02-22 11:03:56
1351,20,San Dionisio Ocotepec,2022-02-22 11:03:56
1352,20,San Carlos Yautepec,2022-02-22 11:03:56
1353,20,San Juan Juquila Mixes,2022-02-22 11:03:56
1354,20,Nejapa de Madero,2022-02-22 11:03:56
1355,20,Santa Ana Tavela,2022-02-22 11:03:56
1356,20,San Juan Lajarcia,2022-02-22 11:03:56
1357,20,San Bartolo Yautepec,2022-02-22 11:03:56
1358,20,Santa María Ecatepec,2022-02-22 11:03:56
1359,20,Asunción Tlacolulita,2022-02-22 11:03:56
1360,20,San Pedro Mártir Quiechapa,2022-02-22 11:03:56
1361,20,Santa María Quiegolani,2022-02-22 11:03:56
1362,20,Santa Catarina Quioquitani,2022-02-22 11:03:56
1363,20,Santa Catalina Quierí,2022-02-22 11:03:56
1364,20,Salina Cruz,2022-02-22 11:03:56
1365,20,Santiago Lachiguiri,2022-02-22 11:03:56
1366,20,Santa María Jalapa del Marqués,2022-02-22 11:03:56
1367,20,Santa María Totolapilla,2022-02-22 11:03:56
1368,20,Santiago Laollaga,2022-02-22 11:03:56
1369,20,Guevea de Humboldt,2022-02-22 11:03:56
1370,20,Santo Domingo Chihuitán,2022-02-22 11:03:56
1371,20,Santa María Guienagati,2022-02-22 11:03:56
1372,20,Magdalena Tequisistlán,2022-02-22 11:03:56
1373,20,Magdalena Tlacotepec,2022-02-22 11:03:56
1374,20,San Pedro Comitancillo,2022-02-22 11:03:56
1375,20,Santa María Mixtequilla,2022-02-22 11:03:56
1376,20,Santo Domingo Tehuantepec,2022-02-22 11:03:56
1377,20,San Pedro Huamelula,2022-02-22 11:03:56
1378,20,San Pedro Huilotepec,2022-02-22 11:03:56
1379,20,San Mateo del Mar,2022-02-22 11:03:56
1380,20,San Blas Atempa,2022-02-22 11:03:56
1381,20,Santiago Astata,2022-02-22 11:03:56
1382,20,San Miguel Tenango,2022-02-22 11:03:56
1383,20,Miahuatlán de Porfirio Díaz,2022-02-22 11:03:56
1384,20,San Nicolás,2022-02-22 11:03:56
1385,20,San Simón Almolongas,2022-02-22 11:03:56
1386,20,San Luis Amatlán,2022-02-22 11:03:56
1387,20,San José Lachiguiri,2022-02-22 11:03:56
1388,20,Sitio de Xitlapehua,2022-02-22 11:03:56
1389,20,San Francisco Logueche,2022-02-22 11:03:56
1390,20,Santa Ana,2022-02-22 11:03:56
1391,20,Santa Cruz Xitla,2022-02-22 11:03:56
1392,20,Monjas,2022-02-22 11:03:56
1393,20,San Ildefonso Amatlán,2022-02-22 11:03:56
1394,20,Santa Catarina Cuixtla,2022-02-22 11:03:56
1395,20,San José del Peñasco,2022-02-22 11:03:56
1396,20,San Cristóbal Amatlán,2022-02-22 11:03:56
1397,20,San Juan Mixtepec -Dto. 26 -,2022-02-22 11:03:56
1398,20,San Pedro Mixtepec -Dto. 26 -,2022-02-22 11:03:56
1399,20,Santa Lucía Miahuatlán,2022-02-22 11:03:56
1400,20,San Jerónimo Coatlán,2022-02-22 11:03:56
1401,20,San Sebastián Coatlán,2022-02-22 11:03:56
1402,20,San Pablo Coatlán,2022-02-22 11:03:56
1403,20,San Mateo Río Hondo,2022-02-22 11:03:56
1404,20,Santo Tomás Tamazulapan,2022-02-22 11:03:56
1405,20,San Andrés Paxtlán,2022-02-22 11:03:56
1406,20,Santa María Ozolotepec,2022-02-22 11:03:56
1407,20,San Miguel Coatlán,2022-02-22 11:03:56
1408,20,San Sebastián Río Hondo,2022-02-22 11:03:56
1409,20,San Miguel Suchixtepec,2022-02-22 11:03:56
1410,20,Santo Domingo Ozolotepec,2022-02-22 11:03:56
1411,20,San Francisco Ozolotepec,2022-02-22 11:03:56
1412,20,Santiago Xanica,2022-02-22 11:03:56
1413,20,San Marcial Ozolotepec,2022-02-22 11:03:56
1414,20,San Juan Ozolotepec,2022-02-22 11:03:56
1415,20,San Pedro Pochutla,2022-02-22 11:03:56
1416,20,Santo Domingo de Morelos,2022-02-22 11:03:56
1417,20,Santa Catarina Loxicha,2022-02-22 11:03:56
1418,20,San Agustín Loxicha,2022-02-22 11:03:56
1419,20,San Baltazar Loxicha,2022-02-22 11:03:56
1420,20,Santa María Colotepec,2022-02-22 11:03:56
1421,20,San Bartolomé Loxicha,2022-02-22 11:03:56
1422,20,Santa María Tonameca,2022-02-22 11:03:56
1423,20,Candelaria Loxicha,2022-02-22 11:03:56
1424,20,Pluma Hidalgo,2022-02-22 11:03:56
1425,20,San Pedro el Alto,2022-02-22 11:03:56
1426,20,San Mateo Piñas,2022-02-22 11:03:56
1427,20,Santa María Huatulco,2022-02-22 11:03:56
1428,20,San Miguel del Puerto,2022-02-22 11:03:56
1429,20,Putla Villa de Guerrero,2022-02-22 11:03:56
1430,20,Constancia del Rosario,2022-02-22 11:03:56
1431,20,Mesones Hidalgo,2022-02-22 11:03:56
1432,20,Santa María Zacatepec,2022-02-22 11:03:56
1433,20,San Pedro Amuzgos,2022-02-22 11:03:56
1434,20,La Reforma,2022-02-22 11:03:56
1435,20,Santa María Ipalapa,2022-02-22 11:03:56
1436,20,Chalcatongo de Hidalgo,2022-02-22 11:03:56
1437,20,Santa María Yucuhiti,2022-02-22 11:03:56
1438,20,San Esteban Atatlahuca,2022-02-22 11:03:56
1439,20,Santa Catarina Ticuá,2022-02-22 11:03:56
1440,20,Santiago Nuyoó,2022-02-22 11:03:56
1441,20,Santa Catarina Yosonotú,2022-02-22 11:03:56
1442,20,San Miguel el Grande,2022-02-22 11:03:56
1443,20,Santo Domingo Ixcatlán,2022-02-22 11:03:56
1444,20,San Pablo Tijaltepec,2022-02-22 11:03:56
1445,20,Santa Cruz Tacahua,2022-02-22 11:03:56
1446,20,Santa Lucía Monteverde,2022-02-22 11:03:56
1447,20,San Andrés Cabecera Nueva,2022-02-22 11:03:56
1448,20,Santa María Yolotepec,2022-02-22 11:03:56
1449,20,Santiago Yosondúa,2022-02-22 11:03:56
1450,20,Santa Cruz Itundujia,2022-02-22 11:03:56
1451,20,Zimatlán de Álvarez,2022-02-22 11:03:56
1452,20,San Bernardo Mixtepec,2022-02-22 11:03:56
1453,20,Santa Cruz Mixtepec,2022-02-22 11:03:56
1454,20,San Miguel Mixtepec,2022-02-22 11:03:56
1455,20,Santa María Atzompa,2022-02-22 11:03:56
1456,20,San Andrés Ixtlahuaca,2022-02-22 11:03:56
1457,20,Santa Cruz Amilpas,2022-02-22 11:03:56
1458,20,Santa Cruz Xoxocotlán,2022-02-22 11:03:56
1459,20,Santa Lucía del Camino,2022-02-22 11:03:56
1460,20,San Pedro Ixtlahuaca,2022-02-22 11:03:56
1461,20,San Antonio de la Cal,2022-02-22 11:03:56
1462,20,San Agustín de las Juntas,2022-02-22 11:03:56
1463,20,San Pablo Huixtepec,2022-02-22 11:03:56
1464,20,Ánimas Trujano,2022-02-22 11:03:56
1465,20,San Jacinto Tlacotepec,2022-02-22 11:03:56
1466,20,San Raymundo Jalpan,2022-02-22 11:03:56
1467,20,Trinidad Zaachila,2022-02-22 11:03:56
1468,20,Santa María Coyotepec,2022-02-22 11:03:56
1469,20,San Bartolo Coyotepec,2022-02-22 11:03:56
1470,20,Santa Inés Yatzeche,2022-02-22 11:03:56
1471,20,Ciénega de Zimatlán,2022-02-22 11:03:56
1472,20,San Antonio Huitepec,2022-02-22 11:03:56
1473,20,Villa de Zaachila,2022-02-22 11:03:56
1474,20,San Sebastián Tutla,2022-02-22 11:03:56
1475,20,San Miguel Peras,2022-02-22 11:03:56
1476,20,San Pablo Cuatro Venados,2022-02-22 11:03:56
1477,20,Santa Inés del Monte,2022-02-22 11:03:56
1478,20,Santa Gertrudis,2022-02-22 11:03:56
1479,20,San Antonino el Alto,2022-02-22 11:03:56
1480,20,Magdalena Mixtepec,2022-02-22 11:03:56
1481,20,Santa Catarina Quiané,2022-02-22 11:03:56
1482,20,Ayoquezco de Aldama,2022-02-22 11:03:56
1483,20,Santa Ana Tlapacoyan,2022-02-22 11:03:56
1484,20,Santa Cruz Zenzontepec,2022-02-22 11:03:56
1485,20,San Francisco Cahuacuá,2022-02-22 11:03:56
1486,20,San Mateo Yucutindoo,2022-02-22 11:03:56
1487,20,Santiago Textitlán,2022-02-22 11:03:56
1488,20,Santiago Amoltepec,2022-02-22 11:03:56
1489,20,Santa María Zaniza,2022-02-22 11:03:56
1490,20,Santo Domingo Teojomulco,2022-02-22 11:03:56
1491,20,Cuilápam de Guerrero,2022-02-22 11:03:56
1492,20,Villa Sola de Vega,2022-02-22 11:03:56
1493,20,Santa María Lachixío,2022-02-22 11:03:56
1494,20,San Vicente Lachixío,2022-02-22 11:03:56
1495,20,San Lorenzo Texmelúcan,2022-02-22 11:03:56
1496,20,Santa María Sola,2022-02-22 11:03:56
1497,20,San Francisco Sola,2022-02-22 11:03:56
1498,20,San Ildefonso Sola,2022-02-22 11:03:56
1499,20,Santiago Minas,2022-02-22 11:03:56
1500,20,Heroica Ciudad de Ejutla de Crespo,2022-02-22 11:03:56
1501,20,San Martín Tilcajete,2022-02-22 11:03:56
1502,20,Santo Tomás Jalieza,2022-02-22 11:03:56
1503,20,San Juan Chilateca,2022-02-22 11:03:56
1504,20,Ocotlán de Morelos,2022-02-22 11:03:56
1505,20,Santa Ana Zegache,2022-02-22 11:03:56
1506,20,Santiago Apóstol,2022-02-22 11:03:56
1507,20,San Antonino Castillo Velasco,2022-02-22 11:03:56
1508,20,Asunción Ocotlán,2022-02-22 11:03:56
1509,20,San Pedro Mártir,2022-02-22 11:03:56
1510,20,San Dionisio Ocotlán,2022-02-22 11:03:56
1511,20,Magdalena Ocotlán,2022-02-22 11:03:56
1512,20,San Miguel Tilquiápam,2022-02-22 11:03:56
1513,20,Santa Catarina Minas,2022-02-22 11:03:56
1514,20,San Baltazar Chichicápam,2022-02-22 11:03:56
1515,20,San Pedro Apóstol,2022-02-22 11:03:56
1516,20,Santa Lucía Ocotlán,2022-02-22 11:03:56
1517,20,San Jerónimo Taviche,2022-02-22 11:03:56
1518,20,San Andrés Zabache,2022-02-22 11:03:56
1519,20,San José del Progreso,2022-02-22 11:03:56
1520,20,Yaxe,2022-02-22 11:03:56
1521,20,San Pedro Taviche,2022-02-22 11:03:56
1522,20,San Martín de los Cansecos,2022-02-22 11:03:56
1523,20,San Martín Lachilá,2022-02-22 11:03:56
1524,20,La Pe,2022-02-22 11:03:56
1525,20,La Compañía,2022-02-22 11:03:56
1526,20,Coatecas Altas,2022-02-22 11:03:56
1527,20,San Juan Lachigalla,2022-02-22 11:03:56
1528,20,San Agustín Amatengo,2022-02-22 11:03:56
1529,20,Taniche,2022-02-22 11:03:56
1530,20,San Miguel Ejutla,2022-02-22 11:03:56
1531,20,Yogana,2022-02-22 11:03:56
1532,20,San Vicente Coatlán,2022-02-22 11:03:56
1533,20,Santiago Pinotepa Nacional,2022-02-22 11:03:56
1534,20,San Juan Cacahuatepec,2022-02-22 11:03:56
1535,20,San Juan Bautista Lo de Soto,2022-02-22 11:03:56
1536,20,Mártires de Tacubaya,2022-02-22 11:03:56
1537,20,San Sebastián Ixcapa,2022-02-22 11:03:56
1538,20,San Antonio Tepetlapa,2022-02-22 11:03:56
1539,20,Santa María Cortijo,2022-02-22 11:03:56
1540,20,Santiago Llano Grande,2022-02-22 11:03:56
1541,20,San Miguel Tlacamama,2022-02-22 11:03:56
1542,20,Santiago Tapextla,2022-02-22 11:03:56
1543,20,San José Estancia Grande,2022-02-22 11:03:56
1544,20,Santo Domingo Armenta,2022-02-22 11:03:56
1545,20,Santiago Jamiltepec,2022-02-22 11:03:56
1546,20,San Pedro Atoyac,2022-02-22 11:03:56
1547,20,San Juan Colorado,2022-02-22 11:03:56
1548,20,Santiago Ixtayutla,2022-02-22 11:03:56
1549,20,San Pedro Jicayán,2022-02-22 11:03:56
1550,20,Pinotepa de Don Luis,2022-02-22 11:03:56
1551,20,San Lorenzo,2022-02-22 11:03:56
1552,20,San Agustín Chayuco,2022-02-22 11:03:56
1553,20,San Andrés Huaxpaltepec,2022-02-22 11:03:56
1554,20,Santa Catarina Mechoacán,2022-02-22 11:03:56
1555,20,Santiago Tetepec,2022-02-22 11:03:56
1556,20,Santa María Huazolotitlán,2022-02-22 11:03:56
1557,20,Villa de Tututepec de Melchor Ocampo,2022-02-22 11:03:56
1558,20,Tataltepec de Valdés,2022-02-22 11:03:56
1559,20,San Juan Quiahije,2022-02-22 11:03:56
1560,20,San Miguel Panixtlahuaca,2022-02-22 11:03:56
1561,20,Santa Catarina Juquila,2022-02-22 11:03:56
1562,20,San Pedro Juchatengo,2022-02-22 11:03:56
1563,20,Santiago Yaitepec,2022-02-22 11:03:56
1564,20,San Juan Lachao,2022-02-22 11:03:56
1565,20,Santa María Temaxcaltepec,2022-02-22 11:03:56
1566,20,Santos Reyes Nopala,2022-02-22 11:03:56
1567,20,San Gabriel Mixtepec,2022-02-22 11:03:56
1568,20,San Pedro Mixtepec -Dto. 22 -,2022-02-22 11:03:56
1569,21,Puebla,2022-02-22 11:03:56
1570,21,Tlaltenango,2022-02-22 11:03:56
1571,21,San Miguel Xoxtla,2022-02-22 11:03:56
1572,21,Juan C. Bonilla,2022-02-22 11:03:56
1573,21,Coronango,2022-02-22 11:03:56
1574,21,Cuautlancingo,2022-02-22 11:03:56
1575,21,San Pedro Cholula,2022-02-22 11:03:56
1576,21,San Andrés Cholula,2022-02-22 11:03:56
1577,21,Ocoyucan,2022-02-22 11:03:56
1578,21,Amozoc,2022-02-22 11:03:56
1579,21,Francisco Z. Mena,2022-02-22 11:03:56
1580,21,Pantepec,2022-02-22 11:03:56
1581,21,Venustiano Carranza,2022-02-22 11:03:56
1582,21,Jalpan,2022-02-22 11:03:56
1583,21,Tlaxco,2022-02-22 11:03:56
1584,21,Tlacuilotepec,2022-02-22 11:03:56
1585,21,Xicotepec,2022-02-22 11:03:56
1586,21,Pahuatlán,2022-02-22 11:03:56
1587,21,Honey,2022-02-22 11:03:56
1588,21,Naupan,2022-02-22 11:03:56
1589,21,Huauchinango,2022-02-22 11:03:56
1590,21,Ahuazotepec,2022-02-22 11:03:56
1591,21,Juan Galindo,2022-02-22 11:03:56
1592,21,Tlaola,2022-02-22 11:03:56
1593,21,Zihuateutla,2022-02-22 11:03:56
1594,21,Jopala,2022-02-22 11:03:56
1595,21,Tlapacoya,2022-02-22 11:03:56
1596,21,Chignahuapan,2022-02-22 11:03:56
1597,21,Zacatlán,2022-02-22 11:03:56
1598,21,Chiconcuautla,2022-02-22 11:03:56
1599,21,Ahuacatlán,2022-02-22 11:03:56
1600,21,Tepetzintla,2022-02-22 11:03:56
1601,21,San Felipe Tepatlán,2022-02-22 11:03:56
1602,21,Amixtlán,2022-02-22 11:03:56
1603,21,Tepango de Rodríguez,2022-02-22 11:03:56
1604,21,Zongozotla,2022-02-22 11:03:56
1605,21,Hermenegildo Galeana,2022-02-22 11:03:56
1606,21,Olintla,2022-02-22 11:03:56
1607,21,Coatepec,2022-02-22 11:03:56
1608,21,Camocuautla,2022-02-22 11:03:56
1609,21,Hueytlalpan,2022-02-22 11:03:56
1610,21,Zapotitlán de Méndez,2022-02-22 11:03:56
1611,21,Huitzilan de Serdán,2022-02-22 11:03:56
1612,21,Xochitlán de Vicente Suárez,2022-02-22 11:03:56
1613,21,Huehuetla,2022-02-22 11:03:56
1614,21,Ixtepec,2022-02-22 11:03:56
1615,21,Atlequizayan,2022-02-22 11:03:56
1616,21,Tenampulco,2022-02-22 11:03:56
1617,21,Tuzamapan de Galeana,2022-02-22 11:03:56
1618,21,Caxhuacan,2022-02-22 11:03:56
1619,21,Jonotla,2022-02-22 11:03:56
1620,21,Zoquiapan,2022-02-22 11:03:56
1621,21,Nauzontla,2022-02-22 11:03:56
1622,21,Cuetzalan del Progreso,2022-02-22 11:03:56
1623,21,Ayotoxco de Guerrero,2022-02-22 11:03:56
1624,21,Hueytamalco,2022-02-22 11:03:56
1625,21,Acateno,2022-02-22 11:03:56
1626,21,Cuautempan,2022-02-22 11:03:56
1627,21,Aquixtla,2022-02-22 11:03:56
1628,21,Tetela de Ocampo,2022-02-22 11:03:56
1629,21,Xochiapulco,2022-02-22 11:03:56
1630,21,Zacapoaxtla,2022-02-22 11:03:56
1631,21,Zaragoza,2022-02-22 11:03:56
1632,21,Ixtacamaxtitlán,2022-02-22 11:03:56
1633,21,Zautla,2022-02-22 11:03:56
1634,21,Ocotepec,2022-02-22 11:03:56
1635,21,Libres,2022-02-22 11:03:56
1636,21,Teziutlán,2022-02-22 11:03:56
1637,21,Tlatlauquitepec,2022-02-22 11:03:56
1638,21,Yaonáhuac,2022-02-22 11:03:56
1639,21,Hueyapan,2022-02-22 11:03:56
1640,21,Teteles de Avila Castillo,2022-02-22 11:03:56
1641,21,Atempan,2022-02-22 11:03:56
1642,21,Chignautla,2022-02-22 11:03:56
1643,21,Xiutetelco,2022-02-22 11:03:56
1644,21,Cuyoaco,2022-02-22 11:03:56
1645,21,Tepeyahualco,2022-02-22 11:03:56
1646,21,San Martín Texmelucan,2022-02-22 11:03:56
1647,21,Tlahuapan,2022-02-22 11:03:56
1648,21,San Matías Tlalancaleca,2022-02-22 11:03:56
1649,21,San Salvador el Verde,2022-02-22 11:03:56
1650,21,San Felipe Teotlalcingo,2022-02-22 11:03:56
1651,21,Chiautzingo,2022-02-22 11:03:56
1652,21,Huejotzingo,2022-02-22 11:03:56
1653,21,Domingo Arenas,2022-02-22 11:03:56
1654,21,Calpan,2022-02-22 11:03:56
1655,21,San Nicolás de los Ranchos,2022-02-22 11:03:56
1656,21,Atlixco,2022-02-22 11:03:56
1657,21,Nealtican,2022-02-22 11:03:56
1658,21,San Jerónimo Tecuanipan,2022-02-22 11:03:56
1659,21,San Gregorio Atzompa,2022-02-22 11:03:56
1660,21,Tochimilco,2022-02-22 11:03:56
1661,21,Tianguismanalco,2022-02-22 11:03:56
1662,21,Santa Isabel Cholula,2022-02-22 11:03:56
1663,21,Huaquechula,2022-02-22 11:03:56
1664,21,San Diego la Mesa Tochimiltzingo,2022-02-22 11:03:56
1665,21,Tepeojuma,2022-02-22 11:03:56
1666,21,Izúcar de Matamoros,2022-02-22 11:03:56
1667,21,Atzitzihuacán,2022-02-22 11:03:56
1668,21,Acteopan,2022-02-22 11:03:56
1669,21,Cohuecan,2022-02-22 11:03:56
1670,21,Tepemaxalco,2022-02-22 11:03:56
1671,21,Tlapanalá,2022-02-22 11:03:56
1672,21,Tepexco,2022-02-22 11:03:56
1673,21,Tilapa,2022-02-22 11:03:56
1674,21,Chietla,2022-02-22 11:03:56
1675,21,Atzala,2022-02-22 11:03:56
1676,21,Teopantlán,2022-02-22 11:03:56
1677,21,San Martín Totoltepec,2022-02-22 11:03:56
1678,21,Xochiltepec,2022-02-22 11:03:56
1679,21,Epatlán,2022-02-22 11:03:56
1680,21,Ahuatlán,2022-02-22 11:03:56
1681,21,Coatzingo,2022-02-22 11:03:56
1682,21,Santa Catarina Tlaltempan,2022-02-22 11:03:56
1683,21,Chigmecatitlán,2022-02-22 11:03:56
1684,21,Zacapala,2022-02-22 11:03:56
1685,21,Tepexi de Rodríguez,2022-02-22 11:03:56
1686,21,Teotlalco,2022-02-22 11:03:56
1687,21,Jolalpan,2022-02-22 11:03:56
1688,21,Huehuetlán el Chico,2022-02-22 11:03:56
1689,21,Chiautla,2022-02-22 11:03:56
1690,21,Cohetzala,2022-02-22 11:03:56
1691,21,Xicotlán,2022-02-22 11:03:56
1692,21,Chila de la Sal,2022-02-22 11:03:56
1693,21,Ixcamilpa de Guerrero,2022-02-22 11:03:56
1694,21,Albino Zertuche,2022-02-22 11:03:56
1695,21,Tulcingo,2022-02-22 11:03:56
1696,21,Tehuitzingo,2022-02-22 11:03:56
1697,21,Cuayuca de Andrade,2022-02-22 11:03:56
1698,21,Santa Inés Ahuatempan,2022-02-22 11:03:56
1699,21,Axutla,2022-02-22 11:03:56
1700,21,Chinantla,2022-02-22 11:03:56
1701,21,Ahuehuetitla,2022-02-22 11:03:56
1702,21,San Pablo Anicano,2022-02-22 11:03:56
1703,21,Tecomatlán,2022-02-22 11:03:56
1704,21,Piaxtla,2022-02-22 11:03:56
1705,21,Guadalupe,2022-02-22 11:03:56
1706,21,Ixcaquixtla,2022-02-22 11:03:56
1707,21,Coyotepec,2022-02-22 11:03:56
1708,21,Xayacatlán de Bravo,2022-02-22 11:03:56
1709,21,Totoltepec de Guerrero,2022-02-22 11:03:56
1710,21,Acatlán,2022-02-22 11:03:56
1711,21,San Jerónimo Xayacatlán,2022-02-22 11:03:56
1712,21,San Pedro Yeloixtlahuaca,2022-02-22 11:03:56
1713,21,Petlalcingo,2022-02-22 11:03:56
1714,21,San Miguel Ixitlán,2022-02-22 11:03:56
1715,21,Chila,2022-02-22 11:03:56
1716,21,Rafael Lara Grajales,2022-02-22 11:03:56
1717,21,San José Chiapa,2022-02-22 11:03:56
1718,21,Oriental,2022-02-22 11:03:56
1719,21,San Nicolás Buenos Aires,2022-02-22 11:03:56
1720,21,Guadalupe Victoria,2022-02-22 11:03:56
1721,21,Tlachichuca,2022-02-22 11:03:56
1722,21,Lafragua,2022-02-22 11:03:56
1723,21,Chilchotla,2022-02-22 11:03:56
1724,21,Quimixtlán,2022-02-22 11:03:56
1725,21,Chichiquila,2022-02-22 11:03:56
1726,21,Tepatlaxco de Hidalgo,2022-02-22 11:03:56
1727,21,Acajete,2022-02-22 11:03:56
1728,21,Nopalucan,2022-02-22 11:03:56
1729,21,Mazapiltepec de Juárez,2022-02-22 11:03:56
1730,21,Soltepec,2022-02-22 11:03:56
1731,21,Acatzingo,2022-02-22 11:03:56
1732,21,San Salvador el Seco,2022-02-22 11:03:56
1733,21,General Felipe Ángeles,2022-02-22 11:03:56
1734,21,Aljojuca,2022-02-22 11:03:56
1735,21,San Juan Atenco,2022-02-22 11:03:56
1736,21,Tepeaca,2022-02-22 11:03:56
1737,21,Cuautinchán,2022-02-22 11:03:56
1738,21,Tecali de Herrera,2022-02-22 11:03:56
1739,21,Mixtla,2022-02-22 11:03:56
1740,21,Santo Tomás Hueyotlipan,2022-02-22 11:03:56
1741,21,Tzicatlacoyan,2022-02-22 11:03:56
1742,21,Huehuetlán el Grande,2022-02-22 11:03:56
1743,21,La Magdalena Tlatlauquitepec,2022-02-22 11:03:56
1744,21,San Juan Atzompa,2022-02-22 11:03:56
1745,21,Huatlatlauca,2022-02-22 11:03:56
1746,21,Los Reyes de Juárez,2022-02-22 11:03:56
1747,21,Cuapiaxtla de Madero,2022-02-22 11:03:56
1748,21,San Salvador Huixcolotla,2022-02-22 11:03:56
1749,21,Quecholac,2022-02-22 11:03:56
1750,21,Tecamachalco,2022-02-22 11:03:56
1751,21,Palmar de Bravo,2022-02-22 11:03:56
1752,21,Chalchicomula de Sesma,2022-02-22 11:03:56
1753,21,Atzitzintla,2022-02-22 11:03:56
1754,21,Esperanza,2022-02-22 11:03:56
1755,21,Cañada Morelos,2022-02-22 11:03:56
1756,21,Tlanepantla,2022-02-22 11:03:56
1757,21,Tochtepec,2022-02-22 11:03:56
1758,21,Atoyatempan,2022-02-22 11:03:56
1759,21,Tepeyahualco de Cuauhtémoc,2022-02-22 11:03:56
1760,21,Huitziltepec,2022-02-22 11:03:56
1761,21,Molcaxac,2022-02-22 11:03:56
1762,21,Xochitlán Todos Santos,2022-02-22 11:03:56
1763,21,Yehualtepec,2022-02-22 11:03:56
1764,21,Tlacotepec de Benito Juárez,2022-02-22 11:03:56
1765,21,Juan N. Méndez,2022-02-22 11:03:56
1766,21,Tehuacán,2022-02-22 11:03:56
1767,21,Tepanco de López,2022-02-22 11:03:56
1768,21,Chapulco,2022-02-22 11:03:56
1769,21,Santiago Miahuatlán,2022-02-22 11:03:56
1770,21,Nicolás Bravo,2022-02-22 11:03:56
1771,21,Atexcal,2022-02-22 11:03:56
1772,21,San Antonio Cañada,2022-02-22 11:03:56
1773,21,Zapotitlán,2022-02-22 11:03:56
1774,21,San Gabriel Chilac,2022-02-22 11:03:56
1775,21,Caltepec,2022-02-22 11:03:56
1776,21,Vicente Guerrero,2022-02-22 11:03:56
1777,21,Ajalpan,2022-02-22 11:03:56
1778,21,Eloxochitlán,2022-02-22 11:03:56
1779,21,Zoquitlán,2022-02-22 11:03:56
1780,21,San Sebastián Tlacotepec,2022-02-22 11:03:56
1781,21,Altepexi,2022-02-22 11:03:56
1782,21,Zinacatepec,2022-02-22 11:03:56
1783,21,San José Miahuatlán,2022-02-22 11:03:56
1784,21,Coxcatlán,2022-02-22 11:03:56
1785,21,Coyomeapan,2022-02-22 11:03:56
1786,22,Querétaro,2022-02-22 11:03:56
1787,22,El Marqués,2022-02-22 11:03:56
1788,22,Colón,2022-02-22 11:03:56
1789,22,Pinal de Amoles,2022-02-22 11:03:56
1790,22,Jalpan de Serra,2022-02-22 11:03:56
1791,22,Landa de Matamoros,2022-02-22 11:03:56
1792,22,Arroyo Seco,2022-02-22 11:03:56
1793,22,Peñamiller,2022-02-22 11:03:56
1794,22,Cadereyta de Montes,2022-02-22 11:03:56
1795,22,San Joaquín,2022-02-22 11:03:56
1796,22,Tolimán,2022-02-22 11:03:56
1797,22,Ezequiel Montes,2022-02-22 11:03:56
1798,22,Pedro Escobedo,2022-02-22 11:03:56
1799,22,Tequisquiapan,2022-02-22 11:03:56
1800,22,San Juan del Río,2022-02-22 11:03:56
1801,22,Amealco de Bonfil,2022-02-22 11:03:56
1802,22,Corregidora,2022-02-22 11:03:56
1803,22,Huimilpan,2022-02-22 11:03:56
1804,23,Othón P. Blanco,2022-02-22 11:03:56
1805,23,Felipe Carrillo Puerto,2022-02-22 11:03:56
1806,23,Lázaro Cárdenas,2022-02-22 11:03:56
1807,23,Isla Mujeres,2022-02-22 11:03:56
1808,23,Benito Juárez,2022-02-22 11:03:56
1809,23,Cozumel,2022-02-22 11:03:56
1810,23,Solidaridad,2022-02-22 11:03:56
1811,23,Tulum,2022-02-22 11:03:56
1812,23,José María Morelos,2022-02-22 11:03:56
1813,23,Bacalar,2022-02-22 11:03:56
1814,24,San Luis Potosí,2022-02-22 11:03:56
1815,24,Soledad de Graciano Sánchez,2022-02-22 11:03:56
1816,24,Cerro de San Pedro,2022-02-22 11:03:56
1817,24,Ahualulco,2022-02-22 11:03:56
1818,24,Mexquitic de Carmona,2022-02-22 11:03:56
1819,24,Villa de Arriaga,2022-02-22 11:03:56
1820,24,Vanegas,2022-02-22 11:03:56
1821,24,Cedral,2022-02-22 11:03:56
1822,24,Catorce,2022-02-22 11:03:56
1823,24,Charcas,2022-02-22 11:03:56
1824,24,Salinas,2022-02-22 11:03:56
1825,24,Santo Domingo,2022-02-22 11:03:56
1826,24,Villa de Ramos,2022-02-22 11:03:56
1827,24,Matehuala,2022-02-22 11:03:56
1828,24,Villa de la Paz,2022-02-22 11:03:56
1829,24,Villa de Guadalupe,2022-02-22 11:03:56
1830,24,Guadalcázar,2022-02-22 11:03:56
1831,24,Moctezuma,2022-02-22 11:03:56
1832,24,Venado,2022-02-22 11:03:56
1833,24,Villa de Arista,2022-02-22 11:03:56
1834,24,Villa Hidalgo,2022-02-22 11:03:56
1835,24,Armadillo de los Infante,2022-02-22 11:03:56
1836,24,Ciudad Valles,2022-02-22 11:03:56
1837,24,Ebano,2022-02-22 11:03:56
1838,24,Tamuín,2022-02-22 11:03:56
1839,24,El Naranjo,2022-02-22 11:03:56
1840,24,Ciudad del Maíz,2022-02-22 11:03:56
1841,24,Alaquines,2022-02-22 11:03:56
1842,24,Cárdenas,2022-02-22 11:03:56
1843,24,Cerritos,2022-02-22 11:03:56
1844,24,Villa Juárez,2022-02-22 11:03:56
1845,24,San Nicolás Tolentino,2022-02-22 11:03:56
1846,24,Villa de Reyes,2022-02-22 11:03:56
1847,24,Zaragoza,2022-02-22 11:03:56
1848,24,Santa María del Río,2022-02-22 11:03:56
1849,24,Tierra Nueva,2022-02-22 11:03:56
1850,24,Rioverde,2022-02-22 11:03:56
1851,24,Ciudad Fernández,2022-02-22 11:03:56
1852,24,San Ciro de Acosta,2022-02-22 11:03:56
1853,24,Tamasopo,2022-02-22 11:03:56
1854,24,Rayón,2022-02-22 11:03:56
1855,24,Aquismón,2022-02-22 11:03:56
1856,24,Lagunillas,2022-02-22 11:03:56
1857,24,Santa Catarina,2022-02-22 11:03:56
1858,24,Tancanhuitz,2022-02-22 11:03:56
1859,24,Tanlajás,2022-02-22 11:03:56
1860,24,San Vicente Tancuayalab,2022-02-22 11:03:56
1861,24,San Antonio,2022-02-22 11:03:56
1862,24,Tanquián de Escobedo,2022-02-22 11:03:56
1863,24,Tampamolón Corona,2022-02-22 11:03:56
1864,24,Coxcatlán,2022-02-22 11:03:56
1865,24,Huehuetlán,2022-02-22 11:03:56
1866,24,Xilitla,2022-02-22 11:03:56
1867,24,Axtla de Terrazas,2022-02-22 11:03:56
1868,24,Tampacán,2022-02-22 11:03:56
1869,24,San Martín Chalchicuautla,2022-02-22 11:03:56
1870,24,Tamazunchale,2022-02-22 11:03:56
1871,24,Matlapa,2022-02-22 11:03:56
1872,25,Culiacán,2022-02-22 11:03:56
1873,25,Navolato,2022-02-22 11:03:56
1874,25,Badiraguato,2022-02-22 11:03:56
1875,25,Cosalá,2022-02-22 11:03:56
1876,25,Mocorito,2022-02-22 11:03:56
1877,25,Guasave,2022-02-22 11:03:56
1878,25,Ahome,2022-02-22 11:03:56
1879,25,Salvador Alvarado,2022-02-22 11:03:56
1880,25,Angostura,2022-02-22 11:03:56
1881,25,Choix,2022-02-22 11:03:56
1882,25,El Fuerte,2022-02-22 11:03:56
1883,25,Sinaloa,2022-02-22 11:03:56
1884,25,Mazatlán,2022-02-22 11:03:56
1885,25,Escuinapa,2022-02-22 11:03:56
1886,25,Concordia,2022-02-22 11:03:56
1887,25,Elota,2022-02-22 11:03:56
1888,25,Rosario,2022-02-22 11:03:56
1889,25,San Ignacio,2022-02-22 11:03:56
1890,26,Hermosillo,2022-02-22 11:03:56
1891,26,San Miguel de Horcasitas,2022-02-22 11:03:56
1892,26,Carbó,2022-02-22 11:03:56
1893,26,San Luis Río Colorado,2022-02-22 11:03:56
1894,26,Puerto Peñasco,2022-02-22 11:03:56
1895,26,General Plutarco Elías Calles,2022-02-22 11:03:56
1896,26,Caborca,2022-02-22 11:03:56
1897,26,Altar,2022-02-22 11:03:56
1898,26,Tubutama,2022-02-22 11:03:56
1899,26,Atil,2022-02-22 11:03:56
1900,26,Oquitoa,2022-02-22 11:03:56
1901,26,Sáric,2022-02-22 11:03:56
1902,26,Benjamín Hill,2022-02-22 11:03:56
1903,26,Trincheras,2022-02-22 11:03:56
1904,26,Pitiquito,2022-02-22 11:03:56
1905,26,Nogales,2022-02-22 11:03:56
1906,26,Imuris,2022-02-22 11:03:56
1907,26,Santa Cruz,2022-02-22 11:03:56
1908,26,Magdalena,2022-02-22 11:03:56
1909,26,Naco,2022-02-22 11:03:56
1910,26,Agua Prieta,2022-02-22 11:03:56
1911,26,Fronteras,2022-02-22 11:03:56
1912,26,Nacozari de García,2022-02-22 11:03:56
1913,26,Bavispe,2022-02-22 11:03:56
1914,26,Bacerac,2022-02-22 11:03:56
1915,26,Huachinera,2022-02-22 11:03:56
1916,26,Nácori Chico,2022-02-22 11:03:56
1917,26,Granados,2022-02-22 11:03:56
1918,26,Bacadéhuachi,2022-02-22 11:03:56
1919,26,Cumpas,2022-02-22 11:03:56
1920,26,Huásabas,2022-02-22 11:03:56
1921,26,Moctezuma,2022-02-22 11:03:56
1922,26,Villa Hidalgo,2022-02-22 11:03:56
1923,26,Santa Ana,2022-02-22 11:03:56
1924,26,Cananea,2022-02-22 11:03:56
1925,26,Arizpe,2022-02-22 11:03:56
1926,26,Cucurpe,2022-02-22 11:03:56
1927,26,Bacoachi,2022-02-22 11:03:56
1928,26,San Pedro de la Cueva,2022-02-22 11:03:56
1929,26,Divisaderos,2022-02-22 11:03:56
1930,26,Tepache,2022-02-22 11:03:56
1931,26,Villa Pesqueira,2022-02-22 11:03:56
1932,26,Opodepe,2022-02-22 11:03:56
1933,26,Huépac,2022-02-22 11:03:56
1934,26,Banámichi,2022-02-22 11:03:56
1935,26,Ures,2022-02-22 11:03:56
1936,26,Aconchi,2022-02-22 11:03:56
1937,26,Baviácora,2022-02-22 11:03:56
1938,26,San Felipe de Jesús,2022-02-22 11:03:56
1939,26,Rayón,2022-02-22 11:03:56
1940,26,Cajeme,2022-02-22 11:03:56
1941,26,Navojoa,2022-02-22 11:03:56
1942,26,Huatabampo,2022-02-22 11:03:56
1943,26,Bácum,2022-02-22 11:03:56
1944,26,Etchojoa,2022-02-22 11:03:56
1945,26,Benito Juárez,2022-02-22 11:03:56
1946,26,Empalme,2022-02-22 11:03:56
1947,26,Guaymas,2022-02-22 11:03:56
1948,26,San Ignacio Río Muerto,2022-02-22 11:03:56
1949,26,La Colorada,2022-02-22 11:03:56
1950,26,Mazatán,2022-02-22 11:03:56
1951,26,Suaqui Grande,2022-02-22 11:03:56
1952,26,Sahuaripa,2022-02-22 11:03:56
1953,26,San Javier,2022-02-22 11:03:56
1954,26,Soyopa,2022-02-22 11:03:56
1955,26,Bacanora,2022-02-22 11:03:56
1956,26,Arivechi,2022-02-22 11:03:56
1957,26,Rosario,2022-02-22 11:03:56
1958,26,Quiriego,2022-02-22 11:03:56
1959,26,Onavas,2022-02-22 11:03:56
1960,26,Alamos,2022-02-22 11:03:56
1961,26,Yécora,2022-02-22 11:03:56
1962,27,Centro,2022-02-22 11:03:56
1963,27,Jalpa de Méndez,2022-02-22 11:03:56
1964,27,Nacajuca,2022-02-22 11:03:56
1965,27,Comalcalco,2022-02-22 11:03:56
1966,27,Huimanguillo,2022-02-22 11:03:56
1967,27,Cárdenas,2022-02-22 11:03:56
1968,27,Paraíso,2022-02-22 11:03:56
1969,27,Cunduacán,2022-02-22 11:03:56
1970,27,Macuspana,2022-02-22 11:03:56
1971,27,Centla,2022-02-22 11:03:56
1972,27,Jonuta,2022-02-22 11:03:56
1973,27,Teapa,2022-02-22 11:03:56
1974,27,Jalapa,2022-02-22 11:03:56
1975,27,Tacotalpa,2022-02-22 11:03:56
1976,27,Tenosique,2022-02-22 11:03:56
1977,27,Balancán,2022-02-22 11:03:56
1978,27,Emiliano Zapata,2022-02-22 11:03:56
1979,28,Victoria,2022-02-22 11:03:56
1980,28,Llera,2022-02-22 11:03:56
1981,28,Güémez,2022-02-22 11:03:56
1982,28,Casas,2022-02-22 11:03:56
1983,28,Matamoros,2022-02-22 11:03:56
1984,28,Valle Hermoso,2022-02-22 11:03:56
1985,28,San Fernando,2022-02-22 11:03:56
1986,28,Cruillas,2022-02-22 11:03:56
1987,28,San Nicolás,2022-02-22 11:03:56
1988,28,Soto la Marina,2022-02-22 11:03:56
1989,28,Jiménez,2022-02-22 11:03:56
1990,28,San Carlos,2022-02-22 11:03:56
1991,28,Abasolo,2022-02-22 11:03:56
1992,28,Padilla,2022-02-22 11:03:56
1993,28,Hidalgo,2022-02-22 11:03:56
1994,28,Mainero,2022-02-22 11:03:56
1995,28,Villagrán,2022-02-22 11:03:56
1996,28,Tula,2022-02-22 11:03:56
1997,28,Jaumave,2022-02-22 11:03:56
1998,28,Miquihuana,2022-02-22 11:03:56
1999,28,Bustamante,2022-02-22 11:03:56
2000,28,Palmillas,2022-02-22 11:03:56
2001,28,Ocampo,2022-02-22 11:03:56
2002,28,Nuevo Laredo,2022-02-22 11:03:56
2003,28,Miguel Alemán,2022-02-22 11:03:56
2004,28,Guerrero,2022-02-22 11:03:56
2005,28,Mier,2022-02-22 11:03:56
2006,28,Gustavo Díaz Ordaz,2022-02-22 11:03:56
2007,28,Camargo,2022-02-22 11:03:56
2008,28,Reynosa,2022-02-22 11:03:56
2009,28,Río Bravo,2022-02-22 11:03:56
2010,28,Méndez,2022-02-22 11:03:56
2011,28,Burgos,2022-02-22 11:03:56
2012,28,Tampico,2022-02-22 11:03:56
2013,28,Ciudad Madero,2022-02-22 11:03:56
2014,28,Altamira,2022-02-22 11:03:56
2015,28,Aldama,2022-02-22 11:03:56
2016,28,González,2022-02-22 11:03:56
2017,28,Xicoténcatl,2022-02-22 11:03:56
2018,28,Gómez Farías,2022-02-22 11:03:56
2019,28,El Mante,2022-02-22 11:03:56
2020,28,Antiguo Morelos,2022-02-22 11:03:56
2021,28,Nuevo Morelos,2022-02-22 11:03:56
2022,29,Tlaxcala,2022-02-22 11:03:56
2023,29,Ixtacuixtla de Mariano Matamoros,2022-02-22 11:03:56
2024,29,Santa Ana Nopalucan,2022-02-22 11:03:56
2025,29,Panotla,2022-02-22 11:03:56
2026,29,Totolac,2022-02-22 11:03:56
2027,29,Tepeyanco,2022-02-22 11:03:56
2028,29,Santa Isabel Xiloxoxtla,2022-02-22 11:03:56
2029,29,San Juan Huactzinco,2022-02-22 11:03:56
2030,29,Calpulalpan,2022-02-22 11:03:56
2031,29,Sanctórum de Lázaro Cárdenas,2022-02-22 11:03:56
2032,29,Benito Juárez,2022-02-22 11:03:56
2033,29,Hueyotlipan,2022-02-22 11:03:56
2034,29,Tlaxco,2022-02-22 11:03:56
2035,29,Nanacamilpa de Mariano Arista,2022-02-22 11:03:56
2036,29,Españita,2022-02-22 11:03:56
2037,29,Apizaco,2022-02-22 11:03:56
2038,29,Atlangatepec,2022-02-22 11:03:56
2039,29,Muñoz de Domingo Arenas,2022-02-22 11:03:56
2040,29,Tetla de la Solidaridad,2022-02-22 11:03:56
2041,29,Xaltocan,2022-02-22 11:03:56
2042,29,San Lucas Tecopilco,2022-02-22 11:03:56
2043,29,Yauhquemehcan,2022-02-22 11:03:56
2044,29,Xaloztoc,2022-02-22 11:03:56
2045,29,Tocatlán,2022-02-22 11:03:56
2046,29,Tzompantepec,2022-02-22 11:03:56
2047,29,San José Teacalco,2022-02-22 11:03:56
2048,29,Huamantla,2022-02-22 11:03:56
2049,29,Terrenate,2022-02-22 11:03:56
2050,29,Lázaro Cárdenas,2022-02-22 11:03:56
2051,29,Emiliano Zapata,2022-02-22 11:03:56
2052,29,Atltzayanca,2022-02-22 11:03:56
2053,29,Cuapiaxtla,2022-02-22 11:03:56
2054,29,El Carmen Tequexquitla,2022-02-22 11:03:56
2055,29,Ixtenco,2022-02-22 11:03:56
2056,29,Ziltlaltépec de Trinidad Sánchez Santos,2022-02-22 11:03:56
2057,29,Apetatitlán de Antonio Carvajal,2022-02-22 11:03:56
2058,29,Amaxac de Guerrero,2022-02-22 11:03:56
2059,29,Santa Cruz Tlaxcala,2022-02-22 11:03:56
2060,29,Cuaxomulco,2022-02-22 11:03:56
2061,29,Contla de Juan Cuamatzi,2022-02-22 11:03:56
2062,29,Tepetitla de Lardizábal,2022-02-22 11:03:56
2063,29,Natívitas,2022-02-22 11:03:56
2064,29,Santa Apolonia Teacalco,2022-02-22 11:03:56
2065,29,Tetlatlahuca,2022-02-22 11:03:56
2066,29,San Damián Texóloc,2022-02-22 11:03:56
2067,29,San Jerónimo Zacualpan,2022-02-22 11:03:56
2068,29,Zacatelco,2022-02-22 11:03:56
2069,29,San Lorenzo Axocomanitla,2022-02-22 11:03:56
2070,29,Santa Catarina Ayometla,2022-02-22 11:03:56
2071,29,Xicohtzinco,2022-02-22 11:03:56
2072,29,Papalotla de Xicohténcatl,2022-02-22 11:03:56
2073,29,Chiautempan,2022-02-22 11:03:56
2074,29,La Magdalena Tlaltelulco,2022-02-22 11:03:56
2075,29,San Francisco Tetlanohcan,2022-02-22 11:03:56
2076,29,Teolocholco,2022-02-22 11:03:56
2077,29,Acuamanala de Miguel Hidalgo,2022-02-22 11:03:56
2078,29,Santa Cruz Quilehtla,2022-02-22 11:03:56
2079,29,Mazatecochco de José María Morelos,2022-02-22 11:03:56
2080,29,Tenancingo,2022-02-22 11:03:56
2081,29,San Pablo del Monte,2022-02-22 11:03:56
2082,30,Xalapa,2022-02-22 11:03:56
2083,30,Tlalnelhuayocan,2022-02-22 11:03:56
2084,30,Xico,2022-02-22 11:03:56
2085,30,Ixhuacán de los Reyes,2022-02-22 11:03:56
2086,30,Ayahualulco,2022-02-22 11:03:56
2087,30,Perote,2022-02-22 11:03:56
2088,30,Banderilla,2022-02-22 11:03:56
2089,30,Rafael Lucio,2022-02-22 11:03:56
2090,30,Acajete,2022-02-22 11:03:56
2091,30,Las Vigas de Ramírez,2022-02-22 11:03:56
2092,30,Villa Aldama,2022-02-22 11:03:56
2093,30,Tlacolulan,2022-02-22 11:03:56
2094,30,Tonayán,2022-02-22 11:03:56
2095,30,Coacoatzintla,2022-02-22 11:03:56