id,plantel_id,nombre,tiempo,created_at,updated_at,deleted_at
1,1,UNIDAD MEDICA FAMILIAR No.178,00:00:12,2019/08/12 13:33,2019/09/12 13:04
2,2,HOSPITAL RAMÓN GARIBAY,00:00:02,2019/09/04 11:33,2022/07/11 15:52,2021/10/25 13:02
3,2,HOSPITAL BERNARDETTE,00:00:05,2019/09/04 11:33,2022/07/11 15:52,2021/10/25 13:02
4,8,Cruz Verde Las Águilas ,00:00:10,2019/09/10 14:43,2022/05/31 18:14
5,12,Cruz Roja Mexicanatttt,00:00:05,2019/09/12 17:05,2020/07/14 15:27
6,12,Nuevo hospital civil de guadalajaratttt,00:00:10,2019/09/12 17:05,2020/07/14 15:27
7,12, Cruz Verde Municipal tttt,00:00:10,2019/09/12 17:05,2020/07/14 15:27
8,11,HOSPITAL MEXICO AMERICANO ,00:00:06,2019/09/17 12:43,2020/08/26 16:36
9,11,CRUZ VERDE Dr DELGADILLO ARAUJO ,00:00:14,2019/09/17 12:43,2020/08/26 16:36
10,11,DIRECCION DE PROTECCION CIVIL Y BOMBEROS DE GUADALAJARA ,00:00:14,2019/09/17 12:43,2020/08/26 16:36
11,5,Cruz Verde  Delgadillo Araujotttt,00:00:05,2019/09/18 14:47,2023/06/30 13:14
12,14,FARMACIA DEL AHORRO,00:00:05,2019/09/20 14:10,2021/10/15 18:52
13,14,HOSPITAL DE SANTA TERE,00:00:05,2019/09/20 14:10,2021/10/15 18:52
14,9,CRUZ ROJA,00:00:05,2019/09/20 15:31,2023/07/12 13:15
15,6,Unidad de protección Civil y Bomberos,00:00:05,2019/09/20 16:01,2022/08/17 13:43
16,6,Cruz Verde,00:00:05,2019/09/20 16:01,2022/08/17 13:43
17,18,Farmacias del Ahorro,00:00:03,2019/09/25 16:29,2019/09/25 16:40
18,18,Hospital Santa Tere,00:00:05,2019/09/25 16:29,2019/09/25 16:40
19,20,Cruz Roja,00:10:00,2019/09/30 15:15,2023/07/17 14:12
20,20,Cruz Verde,00:10:00,2019/09/30 15:20,2023/07/17 14:12
21,36,Emergencias EMME,00:08:00,2019/10/10 15:03,2019/10/10 15:21
22,36,Centro de Salud de Ciudad Granja,00:03:00,2019/10/10 15:03,2019/10/10 15:21
23,36,Hospital Real de San Jose,00:08:00,2019/10/10 15:03,2019/10/10 15:21
24,37,Hospital de Gualajara,00:03:00,2019/10/11 14:43,2023/04/20 14:07
25,37,Hospital Terranova,00:10:00,2019/10/11 14:43,2023/04/20 14:07
26,41,Hospital Ramón Garibay,00:03:00,2019/10/22 14:17,2023/08/07 12:47
27,41,Hospital Bernardette,00:05:00,2019/10/22 14:17,2023/08/07 12:47
28,39,Cruz Roja Mexicana,00:03:00,2019/10/22 15:28,2019/10/22 16:27
29,39,Hospital Civil Viejo,00:03:00,2019/10/22 15:28,2019/10/22 16:27
30,39,Cruz Verde,00:03:00,2019/10/22 15:28,2019/10/22 16:27
31,48,CLÍNICA IMSS,00:05:00,2019/10/25 09:46,2019/10/25 10:02
32,48,HOSPITAL DE LA MUJER,00:08:00,2019/10/25 09:46,2019/10/25 10:02
33,48,CLÍNICA MUNICIPAL,00:07:00,2019/10/25 09:46,2019/10/25 10:02
34,48,SALUBRIDAD,00:03:00,2019/10/25 09:46,2019/10/25 10:02
35,47,HOSPITAL RAMÓN GARIBAY,00:02:00,2019/10/25 12:30,2023/03/23 11:29
36,47,HOSPITAL BERNARDETTE,00:05:00,2019/10/25 12:30,2023/03/23 11:29
37,50,CLÍNICA DEL IMSS,00:08:00,2019/10/27 09:37,2023/02/27 21:34
38,50,HOSPITAL DE LA MUJER,00:10:00,2019/10/27 09:37,2023/02/27 21:34
39,50,CLÍNICA MUNICIPAL,00:12:00,2019/10/27 09:37,2023/02/27 21:34
40,50,SALUBRIDAD,00:05:00,2019/10/27 09:37,2023/02/27 21:34
41,46,"Hospital del Sagrado Corazón, A.C.",00:02:00,2019/10/28 14:25,2019/11/04 11:41
42,49,CLÍNICA DEL IMSS,00:08:00,2019/10/30 08:25,2019/10/30 14:17
43,49,HOSPITAL DE LA MUJER,00:10:00,2019/10/30 08:25,2019/10/30 14:17
44,49,CLÍNICA MUNICIPAL,00:12:00,2019/10/30 08:25,2019/10/30 14:17
45,49,SALUBRIDAD,00:05:00,2019/10/30 08:25,2019/10/30 14:17
46,44,CRUZ ROJA,00:10:00,2019/10/31 11:02,2023/02/07 09:27,2022/01/14 14:15
47,44,SEGURIDAD PÚBLICA,00:05:00,2019/10/31 11:02,2023/02/07 09:27,2022/01/14 14:15
48,44,PROTECCIÓN CIVIL Y BOMBEROS,00:05:00,2019/10/31 11:02,2023/02/07 09:27,2022/01/14 14:15
49,44,CRUZ VERDE,00:10:00,2019/10/31 11:02,2023/02/07 09:27,2022/01/14 14:15
50,51,ESTACIÓN DE POLICIAS DE GADALAJARA,00:03:00,2019/10/31 13:02,2023/03/28 14:44
51,51,ESTACIÓN DE POLICIAS DE TLAQUEPAQUE,00:03:00,2019/10/31 13:02,2023/03/28 14:44
52,51,CRUZ VERDE,00:05:00,2019/10/31 13:02,2023/03/28 14:44
53,51,CRUS ROJA,00:10:00,2019/10/31 13:02,2023/03/28 14:44
54,51,PROTECCIÓN CIVIL Y BOMBEROS DE GUADALAJARA,00:10:00,2019/10/31 13:02,2023/03/28 14:44
55,51,URGENCIAS UNIDAD MÉDICA NO. 52,00:02:00,2019/10/31 13:02,2023/03/28 14:44
56,51,SECRETARÍA DE VIALIDAD Y TRANSPORTE,00:20:00,2019/10/31 13:02,2023/03/28 14:44
57,40,Hospital Bernardette,00:15:00,2019/11/06 13:16,2022/03/08 16:53
58,40,Hospital Ayala,00:10:00,2019/11/06 13:16,2022/03/08 16:53
59,40,Hospital Guadalajara,00:05:00,2019/11/06 13:16,2022/03/08 16:53
60,56,Cruz Roja,00:05:00,2019/11/08 11:42,2023/07/13 13:35
61,60,Hospital Ayala,00:10:00,2019/11/12 13:21,2022/12/05 10:33
62,60,Cruz Verde de Guadalajara,00:15:00,2019/11/12 13:21,2022/12/05 10:33
63,58,Cruz roja,00:10:00,2019/11/13 13:53,2022/03/03 14:30
64,61,PGR,00:15:00,2019/11/14 13:17,2022/05/22 15:18
65,61,Bomberos,00:10:00,2019/11/14 13:17,2022/05/22 15:18
66,61,Policía Estatal ,00:05:00,2019/11/14 13:17,2022/05/22 15:18
67,62,Cruz Roja,00:02:00,2019/11/25 13:25,2020/07/28 11:06
68,62,Protección Civil y Bomberos de México,00:05:00,2019/11/25 13:25,2020/07/28 11:06
69,62,IMSS,00:03:00,2019/11/25 13:25,2020/07/28 11:06
70,62,Hospital Milenio,00:05:00,2019/11/25 13:25,2020/07/28 11:06
71,64, Cruz Verde ,00:12:00,2019/11/27 11:44,2023/07/22 10:05
72,64,Hospital México Americano,00:07:00,2019/11/27 11:44,2023/07/22 10:05
73,68,Clínica IMSS Zona 89,00:05:00,2019/12/02 20:10,2023/03/01 13:09
74,68,Clínica IMSS Zona 45 (Ayala),00:10:00,2019/12/02 20:10,2023/03/01 13:09
75,68,Hospital Bernardette,00:10:00,2019/12/02 20:10,2023/03/01 13:09
76,68,Cruz Verde Delgadilo Araujo,00:15:00,2019/12/02 20:10,2023/03/01 13:09
77,54,Unidad de salud Zapopan norte 1 Localidad Unidad Republica,00:05:00,2019/12/03 11:24,2023/07/26 12:50
78,54,Cruz verde Zapopan (La Curva),00:15:00,2019/12/03 11:24,2023/07/26 12:50
79,54,Dirección General de Seguridad Publica ,00:15:00,2019/12/03 11:24,2023/07/26 12:50
80,54,Protección Civil y Bomberos ,00:15:00,2019/12/03 11:24,2023/07/26 12:50
81,69,CRUZ ROJA MEXICANA,00:14:00,2019/12/03 12:05,2020/01/29 13:31
82,69,CRUZ VERDE,00:11:00,2019/12/03 12:05,2020/01/29 13:31
83,69,PROTECCIÓN CIVIL Y BOMBEROS,00:11:00,2019/12/03 12:05,2020/01/29 13:31
84,72,Farmacias de Ahorro,00:03:00,2019/12/04 11:59,2021/10/15 19:07
85,72,Hospital Santa Tere,00:05:00,2019/12/04 11:59,2021/10/15 19:07
86,73,Cruz Roja,00:15:00,2019/12/06 11:26,2023/07/05 19:01
87,73,Protección Civil ,00:15:00,2019/12/06 11:26,2023/07/05 19:01
88,72,Policía Delegación de las Pintas ,00:01:00,2019/12/06 12:46,2021/10/15 19:07
89,72,BOMBEROS Y CRUZ ROJA BASE C.A.R.E. CARRE IXTAPA,00:05:00,2019/12/06 12:46,2021/10/15 19:07
90,71,CRUZ ROJA CHAPALA,00:15:00,2019/12/07 14:09,2020/02/14 10:45
91,71,PROTECCIÓN CIVIL Y BOMBEROS CHAPALA,00:07:00,2019/12/07 14:09,2020/02/14 10:45
92,70,Hospital Rosette,00:01:00,2019/12/12 11:11,2020/01/30 12:31
93,70,Centro Medico de Occidente,00:03:00,2019/12/12 11:11,2020/01/30 12:31
94,70,Hospital Civil,00:04:00,2019/12/12 11:11,2020/01/30 12:31
95,70,Cruz Roja,00:05:00,2019/12/12 11:11,2020/01/30 12:31
96,70,Cruz Verde ,00:07:00,2019/12/12 11:11,2020/01/30 12:31
97,35,Hospital Puerta de Hierro,00:10:00,2019/12/12 11:32,2022/09/21 11:31,2021/11/02 18:20
98,35,Hosptal Pablo de Hierro,00:05:00,2019/12/12 11:32,2022/09/21 11:31,2021/11/02 18:20
99,35,Hospital Lomas Providencia,00:10:00,2019/12/12 11:32,2023/02/27 14:05
100,35,Hospital San Javier,00:10:00,2019/12/12 11:32,2023/02/27 14:05
101,74,IMSS Hospital General de la Zona 45 ,00:16:00,2019/12/12 13:43,2019/12/12 16:10
102,78,Cruz Roja Mexicana,00:15:00,2019/12/18 19:10,2023/04/17 13:32
103,78,Protección Civil ,00:07:00,2019/12/18 19:10,2023/04/17 13:32
104,78,Bomberos Lagos,00:15:00,2019/12/18 19:10,2023/04/17 13:32
105,9,Cruz Verde,00:05:00,2019/12/20 12:37,2023/07/12 13:15
106,79,Hospital de Jesús,00:02:00,2019/12/30 01:47,2022/06/01 12:23
107,80,Cruz Verde,00:05:00,2020/01/06 11:21,2023/05/03 13:55
108,81,Clinica no.89 del IMSS,00:03:00,2020/01/09 12:56,2020/02/26 13:22
109,57,Ramón Garibay,00:03:00,2020/01/10 11:51,2020/05/20 15:19,2020/01/15 00:00
110,57,Ramón Garibay,00:03:00,2020/01/10 11:51,2020/05/20 15:19,2020/01/15 00:00
111,83,Cruz Roja,00:10:00,2020/01/13 12:42,2020/01/15 11:06
112,83,Cruz Verde,00:10:00,2020/01/13 12:42,2020/01/15 11:06
113,57,Hospital Ramón Garibay,00:05:00,2020/01/13 17:24,2020/06/01 11:54
114,57,Bomberos Guadalajara centro ,00:10:00,2020/01/13 17:24,2020/06/01 11:54
115,57,Policia Municipal,00:15:00,2020/01/13 17:24,2020/06/01 11:54
116,13,UNIDAD MEDICA FAMILIAR No.178,00:12:00,2020/01/14 14:20,2023/08/28 16:42
117,20,Hospital Santísima Trinidad,00:02:00,2020/01/14 15:38,2023/07/17 14:12
118,90,Unidad de Urgencias Medicas Dr. Jesús Delgadillo Araujo,00:08:00,2020/01/15 16:54,2020/01/16 10:26
119,75,Centro de Salud,00:03:00,2020/01/15 18:03,2023/03/08 11:55
120,75,Centro de Salud Etzatlán,00:15:00,2020/01/15 18:03,2023/03/08 11:55
121,75,Imss San juanito de Escobedo ,00:18:00,2020/01/15 18:03,2023/03/08 11:55
122,75,Hospital París ,00:17:00,2020/01/15 18:03,2023/03/08 11:55
123,32,Hospital Américas,00:02:00,2020/01/16 10:34,2022/05/31 12:22
124,32,Clinica 2 ISSTE,00:03:00,2020/01/16 10:34,2022/05/31 12:22
125,32,"Clinica 2, IMSS",00:04:00,2020/01/16 10:34,2022/05/31 12:22
126,32,Hospital México Americano,00:04:00,2020/01/16 10:34,2022/05/31 12:22
127,32,Hospital San Pio,00:06:00,2020/01/16 10:34,2022/05/31 12:22
128,89,Cruz Verde Aguilas ,00:15:00,2020/01/16 13:25,2023/09/11 17:52
129,92,CRUZ VERDE LAS AGUILAS,00:03:00,2020/01/17 10:02,2020/03/20 11:47
130,91,Cruz Verde las Águilas,00:15:00,2020/01/17 12:45,2023/09/11 11:25
131,91,IMSS No. 45,00:10:00,2020/01/17 12:45,2023/09/11 11:25
132,91,clinica IMSS no. 89,00:10:00,2020/01/17 12:45,2023/09/11 11:25
133,67,Clínica 89 IMSS,00:05:00,2020/01/17 13:42,2021/02/02 15:52
134,67,Hospital Justo Sierra,00:05:00,2020/01/17 13:42,2021/02/02 15:52
135,67,Hospital Ramon Garibay ,00:07:00,2020/01/17 13:42,2021/02/02 15:52
136,67,Hospital Vallarta ,00:09:00,2020/01/17 13:42,2021/02/02 15:52
137,94,Instituto Mexicano del Seguro Social,00:04:00,2020/01/17 17:34,2022/12/05 12:06
138,94,Protección civil y bomberos,00:06:00,2020/01/17 17:34,2022/12/05 12:06
139,94,Instituto Mexicano del Seguro Social,00:12:00,2020/01/17 17:34,2022/12/05 12:06
140,93,IMSS Hospital General Regional 45,00:04:00,2020/01/17 20:04,2022/08/05 13:41
141,93,Centro Hospitalario Mac Bernardatte,00:04:00,2020/01/17 20:05,2022/08/05 13:41
142,93,Hospital Santa Margarita,00:06:00,2020/01/17 20:05,2022/08/05 13:41
143,77,Clínica Nuestra Señora del Rosario ,00:17:00,2020/01/21 13:58,2021/10/12 10:08
144,87,Clinica 45 IMSS,00:05:00,2020/01/23 17:53,2021/12/30 17:10
145,87,Cruz Roja,00:10:00,2020/01/23 17:53,2021/12/30 17:10
146,87,Protección Civil y Bomberos de Guadalajara,00:10:00,2020/01/23 17:53,2021/12/30 17:10
147,96,Cruz Roja ,00:15:00,2020/01/29 12:13,2020/01/29 15:18
148,96,Protección Civil,00:15:00,2020/01/29 12:13,2020/01/29 15:18
149,77,Unidad medica Delgadillo Araujo,00:20:00,2020/01/29 15:37,2021/10/12 10:08
150,77,Unidad medica Ruiz Sanchez,00:30:00,2020/01/29 15:49,2021/10/12 10:08
151,77,Unidad medica Arias Gonzalez,00:20:00,2020/01/29 16:08,2021/10/12 10:08
152,100,EMME,00:15:00,2020/02/10 13:46,2023/04/17 12:09
153,104,IMSS No. 89 (Circunvalación Agustin Yañez 1988),00:10:00,2020/02/17 13:09,2021/08/09 12:59
154,104,Sanatorio Guadalajara (Justo Sierra 2130),00:08:00,2020/02/17 13:09,2021/08/09 12:59
155,104,"Ambulancias Equipo Médico y Oxigeno   (Av. Unión 180 2, Obrera) ",00:05:00,2020/02/17 13:09,2021/08/09 12:59
156,104,BOMBEROS Y PROTECCIÓN CIVIL  BASE 1    (Calzada del Campesino No. 1097),00:20:00,2020/02/17 13:09,2021/08/09 12:59
157,104,Fiscalia Gral. De Seguridad Pública (Libertad 200),00:20:00,2020/02/17 13:09,2021/08/09 12:59
158,101,Hospital San Javier,00:05:00,2020/02/19 11:36,2020/02/19 11:36
159,106,Pablo Neruda Hospital,00:15:00,2020/03/03 12:16,2022/12/16 13:15
160,106,Hospital Ángel Leaño,00:20:00,2020/03/03 12:16,2022/12/16 13:15
161,42,Hospital El Carmen,00:05:00,2020/03/10 14:38,2023/01/16 11:24
162,42,Hospital San Javier,00:03:00,2020/03/10 14:38,2023/01/16 11:24
163,109,Cruz Verde Artesanos y Policia,00:05:00,2020/03/11 16:26,2022/05/09 12:15
164,109,Hospital del Sur,00:02:00,2020/03/11 16:26,2022/05/09 12:15
165,109,Clínica del IMSS N°34,00:10:00,2020/03/11 16:26,2022/05/09 12:15
166,107,Cruz Verde Dr. Delgadillo Araujo ,00:13:00,2020/03/11 16:44,2023/06/13 14:44
167,110,CRUZ ROJA MEXICANA,00:05:00,2020/03/13 16:11,2023/05/24 11:04
168,110,CENTRO DE SALUD,00:05:00,2020/03/13 16:11,2023/05/24 11:04
169,110,IMSS,00:05:00,2020/03/13 16:11,2023/05/24 11:04
170,110,BOMBEROS,00:05:00,2020/03/13 16:11,2023/05/24 11:04
171,110,PROTECCIÓN CIVIL,00:05:00,2020/03/13 16:11,2023/05/24 11:04
172,110,HOSPITAL REGIONAL,00:05:00,2020/03/13 16:11,2023/05/24 11:04
173,110,MÚLTIPLES HOSPITALES PRIVADOS,00:05:00,2020/03/13 16:11,2023/05/24 11:04
174,112,"Cruz Roja Mexicana IAP, Delegación Estatal Jalisco, Calle San Felipe 7, Zona Centro, 44100 Guadalajara, Jal.",00:05:00,2020/03/16 22:34,2020/11/17 10:38
175,112,"Dirección de Protección Civil y Bomberos de Guadalajara, Calz del Campesino 1097, Moderna, 44190 Guadalajara, Jal.",00:07:00,2020/03/16 22:34,2020/11/17 10:38
176,114,Clínica 89 IMSS,00:05:00,2020/03/26 14:46,2022/11/29 16:22
177,114,Clínica 46 IMSS,00:10:00,2020/03/26 14:46,2022/11/29 16:22
178,22,Cruz Roja,00:05:00,2020/05/02 00:47,2022/05/31 10:36
179,22,Servicio Telefónico de Urgencias 066,00:05:00,2020/05/02 00:47,2022/05/31 10:36
180,28,Centro de Salud (Avenida Guadalupe),00:15:00,2020/05/13 15:35,2023/08/28 10:27
181,28,Centro de Salud (Jardines de Nuevo México),00:10:00,2020/05/13 15:35,2023/08/28 10:27
182,28,Cruz Verde (Santa Lucía),00:20:00,2020/05/13 15:35,2023/08/28 10:27
183,102,Centro de Salud Poncitlán,00:08:00,2020/05/27 18:33,2021/08/14 12:48
184,102,Servicios de Emergencias (Ambulancias ),00:05:00,2020/05/27 18:33,2021/08/14 12:48
185,34,Cruz Roja,00:07:00,2020/05/29 14:07,2023/08/29 11:29
186,34,Centro de salud de no.1,00:09:00,2020/05/29 14:07,2023/08/29 11:29
187,34,IMSS HGR 45,00:09:00,2020/05/29 14:07,2023/08/29 11:29
188,118,Cruz Verde Zpopan,00:03:00,2020/06/01 12:33,2022/12/02 17:04
189,118,IMSS Clinica N°53,00:05:00,2020/06/01 12:33,2022/12/02 17:04
190,118,ISSSTE-Hospital Valentin Gomez Farias,00:06:00,2020/06/01 12:33,2022/12/02 17:04
191,88,Cruz Verde Sur Zapopan Las Águilas,00:20:00,2020/06/03 16:12,2023/06/06 14:32
192,88,Hospital Angeles Del Carmen,00:15:00,2020/06/03 16:12,2023/06/06 14:32
193,88,EMME Emergencias medicas,00:07:00,2020/06/03 16:12,2023/06/06 14:32
194,88,Emergencia Medico Profesional Sc,00:05:00,2020/06/03 16:12,2023/06/06 14:32
195,95,Cruz verde Las Aguilas,00:09:00,2020/06/04 15:49,2021/10/26 13:59
196,95,NULL,NULL,2020/06/04 15:49,2021/10/26 13:59
197,111,Real San José,00:02:00,2020/06/05 13:46,2020/06/25 11:31
198,111,Sana María Chapalita,00:04:00,2020/06/05 13:46,2020/06/25 11:31
199,111,Jardines de Guadalupe,00:04:00,2020/06/05 16:18,2020/06/25 11:31
200,117,Centro de Salud Juan Gil Preciado,00:03:00,2020/06/08 18:38,2020/06/08 19:22
201,117,Centro de Salud Estipac,00:05:00,2020/06/08 18:38,2020/06/08 19:22
202,117,Hospital Regional de Cocula,00:20:00,2020/06/08 18:38,2020/06/08 19:22
203,117,"Clínica Número 29 del IMSS, Estipac",00:05:00,2020/06/08 18:38,2020/06/08 19:22
204,117,"Clínica Número 127 del IMSS, Villa Corona",00:15:00,2020/06/08 18:38,2020/06/08 19:22
205,116,Torre Médica Providencia,00:05:00,2020/06/11 11:28,2023/07/26 10:52
206,103,Centro de salud Atemajac,00:08:00,2020/06/16 13:31,2021/10/26 13:58
207,103,NULL,NULL,2020/06/16 13:31,2021/10/26 13:58
208,103,Cruz Verde Planetario,00:08:00,2020/06/16 13:31,2021/10/26 13:58
209,103,Cruz Verde Dr. Jesus Delgadillo Araujo,00:08:00,2020/06/16 13:40,2021/10/26 13:58
210,122,Cruz Roja Mexicana ,00:16:00,2020/06/30 14:07,2023/09/15 14:48
211,122,Servicios Médicos Municiaples Cruz Verde Guadalajara,00:06:00,2020/06/30 14:07,2023/04/21 14:13,2023/04/21 14:07
212,120,Cruz Verde Las Águilas ,00:05:00,2020/07/01 15:52,2023/05/24 11:40
213,120,Hospital Arboledas,00:08:00,2020/07/01 15:52,2023/05/24 11:40
214,12,Centro Médico,00:05:00,2020/07/14 15:24,2020/07/14 15:27
215,12,Hospital civil de Guadalajara,00:05:00,2020/07/14 15:24,2020/07/14 15:27
216,12,Cruz Roja Mexicana de Guadalajara,00:07:00,2020/07/14 15:24,2020/07/14 15:27
217,119,Cruz Roja,00:10:00,2020/07/15 11:45,2023/04/28 12:32
218,119,Protección Civil y Bomberos,00:10:00,2020/07/15 11:45,2023/04/28 12:32
219,124,Hospital Valentín Gómez Farías,00:03:00,2020/07/17 02:52,2021/09/29 22:24
220,124,Clínica Número 2 del IMSS,00:03:00,2020/07/17 02:52,2021/09/29 22:24
221,124,Hospital San Javier,00:03:00,2020/07/17 02:52,2021/09/29 22:24
222,124,Hospital Terranova,00:03:00,2020/07/17 02:52,2021/09/29 22:24
223,124,Hospital México Americano,00:01:00,2020/07/17 02:52,2021/09/29 22:24
224,27,Hospital Hospiten,00:15:00,2020/08/05 17:50,2022/08/04 12:46
225,27,Centro de Saludo Las Juntas,00:05:00,2020/08/05 17:50,2022/08/04 12:46
226,27,IMSS Mezcales,00:15:00,2020/08/05 17:50,2022/08/04 12:46
227,27,Hospital Hospiten,00:15:00,2020/08/05 17:50,2022/08/04 12:46
228,27,Centro de Saludo Las Juntas,00:05:00,2020/08/05 17:50,2022/08/04 12:46
229,27,IMSS Mezcales,00:15:00,2020/08/05 17:50,2022/08/04 12:46
230,135,UDG,00:02:00,2020/10/28 17:54,2020/10/29 17:41
231,134,CLINICA 52 DEL IMSS,00:05:00,2020/10/29 11:50,2020/10/30 14:52
232,134,CLINICA 52 DEL IMSS,00:05:00,2020/10/29 11:50,2020/10/30 14:52
233,135,Cruz roja,00:07:00,2020/10/29 11:59,2020/10/29 17:41
234,135,Cruz verde ,00:07:00,2020/10/29 11:59,2020/10/29 17:41
235,135,Protección civil y bomberos ,00:08:00,2020/10/29 11:59,2020/10/29 17:41
236,135,Policía municipal ,00:09:00,2020/10/29 11:59,2020/10/29 17:41
237,135,Fiscalía General del estado,00:07:00,2020/10/29 11:59,2020/10/29 17:41
238,135,IMSS clínica 45,00:02:00,2020/10/29 11:59,2020/10/29 17:41
239,135,Centro médico de occidente,00:12:00,2020/10/29 11:59,2020/10/29 17:41
240,135,Hospital Civil,00:10:00,2020/10/29 11:59,2020/10/29 17:41
241,136,Clínica del IMSS 2,00:04:00,2020/10/29 13:44,2020/10/30 14:59
242,136,Clínica del IMSS 2,00:05:00,2020/10/29 14:01,2020/10/30 14:59
243,133,Clinica 14 del IMSS,00:10:00,2020/10/30 20:56,2020/11/02 19:01
244,86,Cruz Verde,00:05:00,2020/12/07 20:09,2020/12/11 12:52
245,86,IMSS Unidad de Medicina Familiar 171 Zapopan,00:10:00,2020/12/08 09:57,2020/12/11 12:52
246,86,Base de Policía Municipal Zapopan ,00:03:00,2020/12/08 20:38,2020/12/11 12:52
247,86,Cruz Verde Las Águilas ,00:03:00,2020/12/08 20:38,2020/12/11 12:52
248,86,IMSS Unidad de Medicina Familiar 171 Zapopan,00:05:00,2020/12/08 20:38,2020/12/11 12:52
249,146,"CRUZ VERDE, CRUZ DEL SUR",00:11:00,2020/12/09 13:08,2020/12/16 14:47
250,146,"CRUZ VERDE, LAS AGUILAS",00:11:00,2020/12/09 13:08,2020/12/16 14:47
251,146,"PROTECCION CIVIL Y BOMBEROS, BRIGADA 244 PLAZA DEL SOL",00:05:00,2020/12/09 13:08,2020/12/16 14:47
252,146,BASE 3 PROTECCION CIVIL BOMBEROS GUADALAJARA,00:12:00,2020/12/09 13:08,2020/12/16 14:47
253,146,COMISARIA DE LA POLICIA PREVENTIVA MUNICIPAL DE GUADALAJARA ZONA 7 ,00:09:00,2020/12/09 13:08,2020/12/16 14:47
254,146,"MODULO DE POLICIA, PATRIA",00:19:00,2020/12/09 13:08,2020/12/16 14:47
255,142,Servicios médicos,00:05:00,2020/12/09 14:03,2020/12/10 14:13
256,142,IMSS,00:05:00,2020/12/09 14:03,2020/12/10 14:13
257,145,Protección Civil y Bomberos de Lagos de Moreno,01:05:00,2020/12/15 10:16,2022/01/25 14:20
258,145,Cruz Roja,01:28:00,2020/12/15 10:16,2022/01/25 14:20
259,145,Hospital IMSS,00:56:00,2020/12/15 10:16,2022/01/25 14:20
260,145,Hospital Regional,01:11:00,2020/12/15 10:16,2022/01/25 14:20
261,145,Protección Civil del Estado,02:52:00,2020/12/15 10:16,2022/01/25 14:20
262,145,Secretaría de Seguridad Pública Federal,01:02:00,2020/12/15 10:16,2022/01/25 14:20
263,145,Policía Municipal Preventiva,01:00:00,2020/12/15 10:16,2022/01/25 14:20
264,145,Policía estatal,02:54:00,2020/12/15 10:16,2022/01/25 14:20
265,145,Centro de Salud de Betulia,00:05:00,2020/12/15 10:16,2022/01/25 14:20
266,147,HOSPITAL SANTA MARGARITA,00:03:00,2020/12/15 21:14,2021/01/14 12:40
267,147,HOSPITAL AYALA (IMSS),00:10:00,2020/12/15 21:14,2021/01/14 12:40
268,79,Cruz Roja Mexicana,00:02:00,2020/12/15 23:31,2022/06/01 12:23
269,79,Sanatorio Médico Quirúrgico de los Altos,00:02:00,2020/12/15 23:31,2022/06/01 12:23
270,145,Protección Civil y Bomberos de Lagos de Moreno,00:00:00,2020/12/16 15:08,2020/12/18 13:42,2021/01/06 09:51
271,22,IMSS,00:05:00,2020/12/18 12:16,2022/05/31 10:36
272,22,MEDICAL CENTER,00:05:00,2020/12/18 12:16,2022/05/31 10:36
273,22,Biomedical Center de Occidente,00:05:00,2020/12/18 12:16,2022/05/31 10:36
274,3,Hospital Puerta de Hierro Sur,00:05:00,2020/12/18 12:23,2022/06/22 13:02
275,3,IMSS Clínica 171 Las Aguilas ,00:15:00,2020/12/18 12:23,2022/06/22 13:02
276,3,Cruz Verde Las Aguilas ,00:15:00,2020/12/18 12:23,2022/06/22 13:02
277,3,Centro de Salud Nicolás R. Castilla ,00:20:00,2020/12/18 12:23,2022/06/22 13:02
278,141,Hospital Pablo Neruda,00:03:00,2021/01/27 10:45,2023/08/22 17:53
279,141,Hospital Puerta de Hierro,00:07:00,2021/01/27 10:45,2023/08/22 17:53
280,141,Clínica Altamira,00:07:00,2021/01/27 10:45,2023/08/22 17:53
281,141,Clínica de Especialidades,00:10:00,2021/01/27 10:45,2023/08/22 17:53
282,141,Clínicas Médicas San Javier,00:10:00,2021/01/27 10:45,2023/08/22 17:53
283,152,Clínica San Ramon,00:02:00,2021/04/08 12:10,2021/05/13 15:18
284,152,Clínica Aranda,00:03:00,2021/04/08 12:10,2021/05/13 15:18
285,152,Sanatorio Sagrado Corazón de Jesús ,00:04:00,2021/04/08 12:10,2021/05/13 15:18
286,152,Centro de Salud El Carmen ,00:05:00,2021/04/08 12:10,2021/05/13 15:18
287,52,HOSPITAL DEL SAGRADO CORAZÓN DE JESÚS.,00:01:00,2021/04/16 13:27,2021/04/16 13:35
288,52,INSTITUTO MEXICANO DEL SEGURO SOCIAL.,00:05:00,2021/04/16 13:27,2021/04/16 13:35
289,52,PROTECCIÓN CIVIL Y BOMBEROS.,00:05:00,2021/04/16 13:27,2021/04/16 13:35
290,132,Cruz Roja Mexicana Delegacion Guadalajara,00:05:00,2021/05/21 13:12,2023/07/12 20:39
291,132,Hospital Civil Nuevo de Guadalajara,00:10:00,2021/05/21 13:12,2023/07/12 20:39
292,132,Hospital Civil Viejo de Guadalajara,00:15:00,2021/05/21 13:12,2023/07/12 20:39
293,132,Centro Medico del Occidente,00:15:00,2021/05/21 13:12,2023/07/12 20:39
294,132,Comisaria de Guadalajara,00:10:00,2021/05/21 13:12,2023/07/12 20:39
295,157,Cruz Verde Leonardo Oliva ,00:07:00,2021/06/08 11:06,2021/06/15 14:05
296,157,Hospital Santa María Chapalita ,00:08:00,2021/06/08 11:06,2021/06/15 14:05
297,157,Hospital María Auxiliadora,00:06:00,2021/06/08 11:06,2021/06/15 14:05
298,160,Hospital del Country,00:15:00,2021/06/17 12:59,2023/07/31 08:53
299,164,Cruz Verde Zapopan,00:15:00,2021/07/09 14:03,2022/10/20 10:54
300,169,Cruz verde las águilas,00:15:00,2021/07/13 15:26,2023/04/21 15:31
301,165,IMSS ,00:10:00,2021/07/17 17:33,2023/08/10 13:33
302,165,CENTRO DE SALUD MAGDALENA,00:05:00,2021/07/17 17:33,2023/08/10 13:33
303,129,IMSS - Hospital General Regional 45,00:05:00,2021/07/18 23:38,2021/08/03 10:51
304,129,Hospital Vallarta,00:05:00,2021/07/18 23:38,2021/08/03 10:51
305,129,Hospital Bernardette,00:07:00,2021/07/18 23:38,2021/08/03 10:51
306,173,Cruz Verde Zapopan,00:15:00,2021/07/19 15:21,2021/07/19 15:22
307,172,HOSPITAL HISPANO ,00:02:00,2021/07/20 17:55,2023/09/11 15:07
308,172,HOSPITAL RAMÓN GARIBAY ,00:05:00,2021/07/20 17:55,2023/09/11 15:07
309,172,HOSPITAL BERNARDETTE ,00:10:00,2021/07/20 17:55,2023/09/11 15:07
310,149,Hospital Justo Sierra,00:15:00,2021/08/06 12:58,2021/08/10 10:40
311,149,Médéric Hospital,00:20:00,2021/08/06 12:58,2021/08/10 10:40
312,149,Hospital San Pio,00:30:00,2021/08/06 12:58,2021/08/10 10:40
313,163,Clinica No. 1 IMSS,00:05:00,2021/08/12 09:57,2023/09/09 15:53
314,163,IMSS clinica 52,00:10:00,2021/08/12 09:57,2023/09/09 15:53
315,163,Hospital de la Santísima Trinidad,00:05:00,2021/08/12 09:57,2023/09/09 15:53
316,163,Hospital del Sagrado Corazón ,00:05:00,2021/08/12 09:57,2023/09/09 15:53
317,163,"Cruz Roja Mexicana IAP, Delegación Estatal Jalisco",00:10:00,2021/08/12 09:57,2023/09/09 15:53
318,163,Hospital General Regional 45 IMSS,00:10:00,2021/08/12 09:57,2023/09/09 15:53
319,159,CRUZ VERDE SUR ZAPOPAN LAS AGUILAS,00:05:00,2021/08/13 22:09,2022/07/07 22:13,2022/07/07 22:40
320,181,Cruz Roja Mexicana Delegación Estatal Jalisco,00:03:00,2021/08/14 19:12,2022/03/11 17:17
321,181,Civil Hospital Fray Antonio Alcalde,00:06:00,2021/08/14 19:12,2022/03/11 17:17
322,181,Hospital Civil Juan I. Menchaca,00:06:00,2021/08/14 19:12,2022/03/11 17:17
323,181,Centro Médico de Occidente,00:08:00,2021/08/14 19:12,2022/03/11 17:17
324,181,Hospital Santa Margarita ,00:10:00,2021/08/14 19:12,2022/03/11 17:17
325,181,Centro Hospitalario Bernardette,00:12:00,2021/08/14 19:12,2022/03/11 17:17
326,185,Unidad de Medicina Familiar 52,00:10:00,2021/08/19 19:43,2023/08/26 11:23
327,167,Cruz Verde de Zapopan,00:10:00,2021/09/04 17:57,2021/10/04 16:25
328,167,Hospital Arboledas,00:15:00,2021/09/04 17:57,2021/10/04 16:25
329,167,Hospital Santa María Chapalita,00:20:00,2021/09/04 17:57,2021/10/04 16:25
330,176,Cruz Verde ,00:07:00,2021/09/23 10:51,2021/11/19 12:57
331,176,Estación de Bomberos Base 3,00:15:00,2021/09/23 10:51,2021/11/19 12:57
332,183,HOSPITAL TERRANOVA,00:05:00,2021/09/24 10:48,2021/11/18 15:00
333,183,CRUZ VERDE ,00:17:00,2021/09/24 10:48,2021/11/18 15:00
334,183,CRUZ ROJA ,00:23:00,2021/09/24 10:48,2021/11/18 15:00
335,183,UNIDAD ESTATAL DE PROTECCION CIVIL Y BOMBEROS ,00:19:00,2021/09/24 10:48,2021/11/18 15:00
336,55,Hospital civil nuevo ,00:10:00,2021/09/30 12:25,2022/03/18 12:16
337,55,Centro médico de occidente ,00:10:00,2021/09/30 12:25,2022/03/18 12:16
338,166,Clínica 89 del IMSS,00:02:00,2021/10/06 13:04,2021/10/07 10:07
339,113,IMSS clinica 45,00:07:00,2021/10/06 13:55
340,113,Hospital Colonias,00:01:00,2021/10/06 13:55
341,205,Hospital Santísima Trinidad,00:05:00,2021/10/08 09:12,2021/10/20 13:16,2021/10/08 09:56
342,205,Hospital de la Santísima Trinidad,00:05:00,2021/10/08 09:56,2021/10/27 18:08
343,168,Cruz Verde Sur Zapopan Las Aguilas,00:03:00,2021/10/08 11:38,2022/02/05 10:46
344,168,Centro de Salud el Briseño,00:11:00,2021/10/08 11:38,2022/02/05 10:46
345,204,Hospital de la Santísima Trinidad,00:08:00,2021/10/08 12:19,2021/10/13 10:45
346,215,CRUZ VERDE DELGADILLO ARAUJO,00:02:00,2021/10/08 12:57,2022/02/08 16:07
347,170,Centro de Salud,00:10:00,2021/10/08 13:43,2021/10/12 13:26,2021/10/12 14:21
348,187,"Clínica No. 12 del IMSS en El Arenal, Jalisco",00:20:00,2021/10/08 16:27,2021/11/30 12:17
349,187,"Centro de Salud de El Arenal, Jalisco",00:20:00,2021/10/08 16:27,2021/11/30 12:17
350,187,"IMSS Hospital General Zona 26 en Tala, Jalisco",00:25:00,2021/10/08 16:27,2021/11/30 12:17
351,187,"Cruz Verde Santa Lucia, Tesistán, Jalisco",00:35:00,2021/10/08 16:27,2021/11/30 12:17
352,187,"Cruz Roja Tequila, Jalisco",00:40:00,2021/10/08 16:27,2021/11/30 12:17
353,199,cruz verde,00:15:00,2021/10/11 13:38,2021/10/28 13:21
354,205,Cruz Roja Delegación Guadalajara,00:03:00,2021/10/11 15:48,2021/10/27 18:08
355,170,Centro de Salud Juan Gil Preciado,00:03:00,2021/10/12 14:21,2023/05/24 14:49
356,170,Centro de Salud Estipac,00:05:00,2021/10/12 14:21,2023/05/24 14:49
357,170,Hospital Regional de Cocula,00:20:00,2021/10/12 14:21,2023/05/24 14:49
358,170,Clínica Núm. 29 del IMSS,00:05:00,2021/10/12 14:21,2023/05/24 14:49
359,170,Clínica Núm. 27 del IMSS,00:15:00,2021/10/12 14:21,2023/05/24 14:49
360,218,CRUZ VERDE,00:15:00,2021/10/12 14:55,2021/10/15 13:54
361,229,HOSPITAL GENERAL 89 IMSS,00:05:00,2021/10/13 23:55,2023/07/13 15:52,2022/08/29 11:28
362,229,CRUZ ROJA,00:15:00,2021/10/13 23:55,2023/07/13 15:52,2022/08/29 11:28
363,229,HOSPITAL DE LA SANTÍSIMA TRINIDAD,00:06:00,2021/10/13 23:55,2023/07/13 15:52,2022/08/29 11:28
364,229,HOSPITAL GENERAL 45 IMSS,00:06:00,2021/10/13 23:55,2023/07/13 15:52,2022/08/29 11:28
365,229,HOSPITAL GENERAL 46 IMSS,00:09:00,2021/10/13 23:55,2023/07/13 15:52,2022/08/29 11:28
366,229,AMBULANCIAS EMYO,00:05:00,2021/10/13 23:55,2023/07/13 15:52,2022/08/29 11:28
367,168,IMSS UNIDAD DE MEDICINA FAMILIAR NO. 178,00:15:00,2021/10/14 13:39,2022/02/05 10:46
368,168,Centro Médico de Occidente Belisario Dominguez,00:34:00,2021/10/14 13:39,2022/02/05 10:46
369,168,IMSS Unidad de Medicina Familiar No. 171 Zapopan,00:02:00,2021/10/14 13:39,2022/02/05 10:46
370,66,Hospital Comunitario de Encarnación de Díaz,00:15:00,2021/10/15 10:47,2022/03/04 14:56
371,201,N/A,00:00:00,2021/10/15 16:59,2021/11/29 16:17,2021/11/29 16:38
372,219,N/A,00:00:00,2021/10/15 17:58,2021/11/30 15:08,2021/11/30 15:12
373,228,Cruz Verde Leonardo Oliva,00:06:00,2021/10/15 19:40,2023/08/02 18:56
374,228,Hospital Santa Maria Chapalita,00:08:00,2021/10/15 19:40,2023/08/02 18:56
375,213,Hospital Ramón Garibay,00:03:00,2021/10/20 11:55,2021/12/10 11:05
376,213,Hospital Bernardette,00:05:00,2021/10/20 11:55,2021/12/10 11:05
377,212,Hospital Ramón Garibay,00:03:00,2021/10/20 12:51,2022/01/11 13:53
378,212,Hospital Bernardette,00:05:00,2021/10/20 12:51,2022/01/11 13:53
379,222,IMSS Unidad de Medicina Familiar 51 Guadalajara ,00:04:00,2021/10/20 13:36,2022/01/12 11:30
380,222,Unidad de Urgencias Medicas Dr Jesus Delgadillo Araujo ,00:07:00,2021/10/20 13:36,2022/01/12 11:30
381,217,Servicios Médicos Municipales (Tlaquepaque),00:07:00,2021/10/20 13:38,2022/12/19 12:03
382,234,Hospital Guadalajara,00:04:00,2021/10/21 12:42,2021/10/21 14:30
383,250,CRUZ VERDE LAS AGUILAS,00:03:00,2021/10/25 12:06,2021/10/25 12:39
384,2,Hospital Ramón Garibay,00:02:00,2021/10/25 13:02,2022/07/11 15:52,2021/10/25 13:24
385,2,Hospital Ramón Garibay,00:02:00,2021/10/25 13:02,2023/08/04 11:14
386,2,Hospital Bernardette,00:05:00,2021/10/25 13:02,2023/08/04 11:14
387,239,Hospital de la Santísima Trinidad,00:01:00,2021/10/26 10:56,2021/10/26 11:52
388,240,Hospital San Francisco,00:15:00,2021/11/02 16:08,2022/01/30 20:09
389,240,Hospital Lafayette,00:05:00,2021/11/02 16:08,2022/01/30 20:09
390,240,Hospital Terranova,00:15:00,2021/11/02 16:08,2022/01/30 20:09
391,240,Hospital San Javier,00:18:00,2021/11/02 16:08,2022/01/30 20:09
392,35,Hospital Puerta de Hierro,00:05:00,2021/11/02 18:20,2023/02/27 14:05
393,35,Hospital San Francisco,00:15:00,2021/11/02 18:20,2023/02/27 14:05
394,253,Cruz Verde Centro,00:05:00,2021/11/03 10:55,2022/02/07 12:29
395,253,Hospital Lafayette,00:10:00,2021/11/03 10:55,2022/02/07 12:29
396,253,Hospital Civil Viejo,00:05:00,2021/11/03 10:55,2022/02/07 12:29
397,249,HOSPITAL SAN PIO,00:05:00,2021/11/08 16:41,2022/09/29 12:57
398,249,Ambulancia SPE Terranova,00:05:00,2021/11/08 16:41,2022/09/29 12:57
399,258,Instituto Mexicano del seguro social,00:10:00,2021/11/12 22:15,2023/04/18 12:13
400,258,Cruz verde,00:10:00,2021/11/12 22:15,2023/04/18 12:13
401,237,CRUZ ROJA MEXICANA,00:20:00,2021/11/18 11:25,2022/02/24 15:48,2022/02/24 18:17
402,237,CRUZ VERDE DR. DELGADILLO ARAUJO,00:07:00,2021/11/18 11:25,2022/02/24 15:48,2022/02/24 18:17
403,237,"CRUZ VERDE, ZAPOPAN NORTE",00:17:00,2021/11/18 11:25,2022/02/24 15:48,2022/02/24 18:17
404,237,HOSPITAL CIVIL FRAY ANTONIO ALCALDE,00:18:00,2021/11/18 11:25,2022/02/24 15:48,2022/02/24 18:17
405,237,HOSPITAL MEXICO AMERICANO,00:04:00,2021/11/18 11:25,2022/02/24 15:48,2022/02/24 18:17
406,237,HOSPITAL COUNTRY 2000,00:04:00,2021/11/18 11:25,2022/02/24 15:48,2022/02/24 18:17
407,237,HOSPITAL SAN MIGUEL COUNTRY,00:04:00,2021/11/18 11:25,2022/02/24 15:48,2022/02/24 18:17
408,237,IMSS UMF NO. 2,00:05:00,2021/11/18 11:25,2022/11/11 12:02
409,30,N/A,00:20:00,2021/11/18 17:26,2022/08/05 09:34,2022/08/05 13:36
410,223,Cruz verde Norte,00:15:00,2021/11/19 13:45,2021/11/30 12:57
411,31,N/A,00:20:00,2021/11/19 18:43,2022/08/04 12:53,2022/08/10 10:55
412,25,N/A,00:20:00,2021/11/20 11:25,2022/01/26 13:30
413,29,NA,00:00:00,2021/11/20 12:36,2021/11/23 11:11
416,23,NA,00:01:00,2021/11/22 12:27,2023/05/29 11:10
417,24,NA,00:01:00,2021/11/22 19:28,2022/01/25 13:28
418,162,IMSS Poncitlán,00:04:00,2021/11/24 13:02,2021/11/24 13:30
419,162,Centro de Salud Poncitlán,00:04:00,2021/11/24 13:02,2021/11/24 13:30
420,162,Cruz Roja Ocotlan,00:22:00,2021/11/24 13:02,2021/11/24 13:30
421,257,HOSPITAL DE LA CRUZ,00:05:00,2021/11/25 11:15,2021/11/25 12:12
422,257,CRUZ VERDE DR. LEONARDO OLIVA,00:05:00,2021/11/25 11:15,2021/11/25 12:12
423,257,HOSPITAL MARIA AUXILIADORA,00:06:00,2021/11/25 11:15,2021/11/25 12:12
424,193,CRUZ ROJA,00:08:00,2021/11/26 10:41,2022/01/24 15:29,2022/01/24 15:33
425,193,HOSPITAL DE LA SANTISIMA TRINIDAD,00:05:00,2021/11/26 10:41,2022/01/24 15:29,2022/01/24 15:33
426,201,Hospital Hispano de Especialidades,00:08:00,2021/11/29 16:38,2021/12/09 12:39
427,219,Hospital Hispano de Especialidades,00:08:00,2021/11/30 15:12,2021/11/30 18:12
428,236,Cruz Verde Unidad “Dr. Ernesto Arias González”,00:05:00,2022/01/06 15:45,2023/09/14 16:08
429,275,Hospital Ramón Garibay,00:03:00,2022/01/07 12:54,2022/01/10 11:20
430,275,Hospital Bernardette,00:05:00,2022/01/07 12:54,2022/01/10 11:20
431,174,Hospital Ramón Garibay,00:03:00,2022/01/09 08:06,2022/01/10 14:42
432,174,Hospital Bernardette,00:05:00,2022/01/09 08:06,2022/01/10 14:42
433,277,Ramosn Garibay,00:03:00,2022/01/10 13:43,2022/01/10 14:05
434,44,Cruz Roja ,00:10:00,2022/01/14 14:15,2023/09/05 13:41
435,44,Seguridad Pública ,00:05:00,2022/01/14 14:15,2023/09/05 13:41
436,44,Protección Civil y Bomberos ,00:05:00,2022/01/14 14:15,2023/09/05 13:41
437,44,Cruz Verde,00:10:00,2022/01/14 14:15,2023/09/05 13:41
438,263,HOSPITAL SANTA MARGARITA,00:03:00,2022/01/18 14:36,2023/08/10 13:12
439,263,HOSPITAL AYALA (IMSS),00:10:00,2022/01/18 14:36,2023/08/10 13:12
440,115,Clínica 34 del Seguro Social IMSS,00:05:00,2022/01/21 16:04,2022/03/13 10:36
441,193,Cruz Roja,00:08:00,2022/01/24 15:33,2023/08/15 12:14
442,193,Hospital de la Santísima Trinidad,00:05:00,2022/01/24 15:33,2023/08/15 12:14
443,76,Cruz Verde ,00:10:00,2022/01/31 10:57,2023/06/28 14:27
444,76,Cruz Roja,00:10:00,2022/01/31 10:57,2023/06/28 14:27
445,237,Cruz Roja Mexicana,00:20:00,2022/02/24 18:17,2022/11/11 12:02
446,237,Cruz Verde Dr. Delgadillo Araujo,00:07:00,2022/02/24 18:17,2022/11/11 12:02
447,237,"Cruz Verde, Zapopan Norte",00:17:00,2022/02/24 18:17,2022/11/11 12:02
448,237,Hospital Civil Fray Antonio Alcalde,00:18:00,2022/02/24 18:17,2022/11/11 12:02
449,237,Hospital México Americano,00:04:00,2022/02/24 18:17,2022/11/11 12:02
450,237,Hospital Country 2000,00:04:00,2022/02/24 18:17,2022/11/11 12:02
451,237,Hospital San Miguel Country,00:04:00,2022/02/24 18:17,2022/11/11 12:02
452,228,Policia Estatal,00:05:00,2022/03/01 18:49,2023/08/02 18:56
453,228,Dirección de Protección Civil y Bomberos de Gdl,00:09:00,2022/03/01 18:49,2023/08/02 18:56
454,228,HGR 46 IMSS,00:08:00,2022/03/01 18:49,2023/08/02 18:56
455,161,Hospital General de Zona 89 IMSS,00:08:00,2022/03/03 14:25,2022/03/03 17:34
456,161,Hospital Ramón Garibay,00:05:00,2022/03/03 14:25,2022/03/03 17:34
457,216,Cruz Verde Zapopan Norte ,00:17:00,2022/03/08 13:11,2023/09/11 15:20
458,216,Hospital San Javier ,00:04:00,2022/03/08 13:11,2023/09/11 15:20
459,216,Hospital Terranova ,00:06:00,2022/03/08 13:11,2023/09/11 15:20
460,216,Cruz Roja de Guadalajara ,00:24:00,2022/03/08 13:11,2023/09/11 15:20
461,99,Hospital del Sagrado Corazón,00:06:00,2022/03/10 11:53,2022/06/23 13:47
462,99,Hospital Pedro Loza,00:07:00,2022/03/10 11:53,2022/06/23 13:47
463,99,Hospital de la Luz,00:11:00,2022/03/10 11:53,2022/06/23 13:47
464,99,UNIMEF No. 3,00:06:00,2022/03/10 11:53,2022/06/23 13:47
465,99,Clínica Santo Domingo,00:10:00,2022/03/10 11:53,2022/06/23 13:47
466,99,"Cruz Roja Mexivana IAP, Delegación Estatal Jalisco ",00:04:00,2022/03/10 11:53,2022/06/23 13:47
467,99,Cruz Verde Delgadillo Araujo ,00:15:00,2022/03/10 11:53,2022/06/23 13:47
468,273,Unidad Municipal de Protección Civil y Bomberos de Guadalajara ,00:21:00,2022/03/16 17:44,2022/05/16 11:55
469,273,Unidad Estatal de Protección Civil y Bomberos Jalisco ,00:19:00,2022/03/16 17:44,2022/05/16 11:55
470,273,Policía Municipal de Guadalajara ,00:22:00,2022/03/16 17:44,2022/05/16 11:55
471,273,Unidad Cruz Verde Dr. Ernesto Arias González ,00:18:00,2022/03/16 17:44,2022/05/16 11:55
472,273,Hospital San Javier,00:05:00,2022/03/16 17:44,2022/05/16 11:55
473,273,Hospital Terranova,00:05:00,2022/03/16 17:44,2022/05/16 11:55
474,286,Cruz Roja,00:10:00,2022/03/18 13:38,2022/03/31 08:17
475,246,CMQ PREMIERE,00:10:00,2022/03/18 14:53,2022/05/05 12:29,2022/05/06 14:09
476,246,HOSPITAL VERSALLES,00:05:00,2022/03/18 14:53,2022/05/05 12:29,2022/05/06 14:09
477,246,HOSPITAL LA JOYA,00:15:00,2022/03/18 14:53,2022/05/05 12:29,2022/05/06 14:09
478,82,HOSPITAL VERSALLES,00:05:00,2022/03/24 11:37,2023/07/05 16:20,2022/10/04 09:55
479,82,IMSS UMF 79,00:08:00,2022/03/24 11:37,2023/07/05 16:20,2022/10/04 09:55
480,82,IMSS UMF 51,00:06:00,2022/03/24 11:37,2023/07/05 16:20,2022/10/04 09:55
481,82,CUZ VERDE DELGADILLO ARAUJO,00:08:00,2022/03/24 11:37,2023/07/05 16:20,2022/10/04 09:55
482,82,BOMBEROS BASE 2,00:02:00,2022/03/24 11:37,2023/07/05 16:20,2022/10/04 09:55
483,295,Hospital Ángeles el Carmen,00:10:00,2022/04/04 20:52
484,198,Cruz Roja Mexicana Delgacion Jalisco,00:05:00,2022/04/05 18:33,2022/06/03 11:32
485,198,Imss Hospital General de Zona N0 2,00:05:00,2022/04/05 18:36,2022/06/03 11:32
486,198,Cruz Verde 5 Febrero,00:18:00,2022/04/05 18:36,2022/06/03 11:32
487,109,Merédic Hospital,00:03:00,2022/05/05 15:58,2022/05/09 12:15
488,109,Hospital San Pio,00:02:00,2022/05/05 15:58,2022/05/09 12:15
489,109,Centro de Salud No. 3,00:11:00,2022/05/05 15:58,2022/05/09 12:15
490,109,Hospital Garibaldi,00:05:00,2022/05/05 15:58,2022/05/09 12:15
491,246,Hospital Versalles,00:10:00,2022/05/06 14:09,2022/05/24 11:07
492,246,CMQ premiere,00:15:00,2022/05/06 14:09,2022/05/24 11:07
493,246,Hospital La Joya,00:15:00,2022/05/06 14:09,2022/05/24 11:07
494,297,Hospital Mederic,00:05:00,2022/05/09 19:06,2022/09/09 19:24
495,297,Hospital San Pio,00:12:00,2022/05/09 19:06,2022/09/09 19:24
496,297,Hospital México Americano,00:22:00,2022/05/09 19:06,2022/09/09 19:24
497,54,Hospital Civil de Zapopan,00:10:00,2022/05/16 18:35,2023/07/26 12:50
498,242,Cruz Verde,00:11:00,2022/05/27 16:30,2022/05/29 22:25
499,242,Clinica 34,00:07:00,2022/05/27 16:30,2022/05/29 22:25
500,242,Hospital María Auxiliadora,00:12:00,2022/05/27 16:30,2022/05/29 22:25
501,300,1,00:01:00,2022/05/31 09:25,2022/06/23 16:51
502,23,NA,00:01:00,2022/05/31 11:21,2023/05/29 11:10
503,26,NA,00:01:00,2022/05/31 11:56
504,31,NA,00:01:00,2022/05/31 12:06,2022/08/04 12:53,2022/08/10 10:55
505,190,Cruz verde las Águilas,00:03:00,2022/06/29 17:56,2023/08/12 14:57
506,159,Cruz Verde Sur Zapopan las Águilast,00:05:00,2022/07/07 22:40,2022/07/13 17:33
507,30,Cruz Verde,00:05:00,2022/08/05 13:36,2022/10/20 11:52
508,30,Centro de Salud Municipal,00:10:00,2022/08/05 13:36,2022/10/20 11:52
509,247,EMERGENCIA Y AUXILIO,00:08:00,2022/08/06 13:18,2023/03/28 11:54,2023/03/30 11:52
510,247,EMERGENCIA MEDICA,00:05:00,2022/08/06 13:18,2023/03/28 11:54,2023/03/30 11:52
511,247,RADIO PATRULLA,00:08:00,2022/08/06 13:18,2023/03/28 11:54,2023/03/30 11:52
512,247,SEGURIDAD PUBLICA DE GUADALAJARA,00:12:00,2022/08/06 13:18,2023/03/28 11:54,2023/03/30 11:52
513,247,CONMUTADOR,00:03:00,2022/08/06 13:18,2023/03/28 11:54,2023/03/30 11:52
514,247,EMERGENCIAS,00:06:00,2022/08/06 13:18,2023/03/28 11:54,2023/03/30 11:52
515,247,ZONA 1 CENTRO,00:20:00,2022/08/06 13:18,2023/03/28 11:54,2023/03/30 11:52
516,247,BOMBEROS Y PROTECCION CIVIL Emergencias,00:07:00,2022/08/06 13:18,2023/03/28 11:54,2023/03/30 11:52
517,247,CUARTEL CENTRAL DE BOMBEROS,00:12:00,2022/08/06 13:18,2023/03/28 11:54,2023/03/30 11:52
518,247,PROTECCION CIVIL JALISCO,00:20:00,2022/08/06 13:18,2023/03/28 11:54,2023/03/30 11:52
519,247,SERVICIOS MEDICOS CRUZ VERDE Conmutador,00:03:00,2022/08/06 13:18,2023/03/28 11:54,2023/03/30 11:52
520,247,EMERGENCIAS,00:07:00,2022/08/06 13:18,2023/03/28 11:54,2023/03/30 11:52
521,247,UNIDAD MEDICA BENITO JUAREZ,00:08:00,2022/08/06 13:18,2023/03/28 11:54,2023/03/30 11:52
522,247,UNIDAD MEDICA LEONARDO OLIVA,00:08:00,2022/08/06 13:18,2023/03/28 11:54,2023/03/30 11:52
523,247,UNIDAD MEDICA RIVAS SOUZA,00:08:00,2022/08/06 13:18,2023/03/28 11:54,2023/03/30 11:52
524,247,UNIDAD MEDICA VALENTIN GOMEZ FARIAS,00:07:00,2022/08/06 13:18,2023/03/28 11:54,2023/03/30 11:52
525,247,COMISION FEDERAL DE ELECTRICIDAD,00:20:00,2022/08/06 13:18,2023/03/28 11:54,2023/03/30 11:52
526,247,SERVICIOS MEDICOS CRUZ ROJA Emergencias,00:08:00,2022/08/06 13:18,2023/03/28 11:54,2023/03/30 11:52
527,247,JUAN MANUEL 52,00:08:00,2022/08/06 13:18,2023/03/28 11:54,2023/03/30 11:52
528,247,POLICIA DEL ESTADO DE JALISCO,00:13:00,2022/08/06 13:18,2023/03/28 11:54,2023/03/30 11:52
529,247,POLICIA JUDICIAL,00:10:00,2022/08/06 13:18,2023/03/28 11:54,2023/03/30 11:52
530,268,HOSPITAL SANTA MARÍA CHAPALITA,00:05:00,2022/08/06 13:35,2022/09/15 18:03
531,268,PROTECCIÓN CIVIL Y BOMBEROS PLAZA DEL SOL,00:12:00,2022/08/06 13:35,2022/09/15 18:03
532,307,Hospital Regional Puerto Vallarta,00:25:00,2022/08/09 11:02,2023/09/05 18:17
533,307,Centro de Salud Pitillal ,00:15:00,2022/08/09 11:06,2023/09/05 18:17
534,307,Unidad de Medicina Familiar 179,00:20:00,2022/08/09 11:06,2023/09/05 18:17
535,31,Cruz Roja Parque Morelos ,00:10:00,2022/08/10 10:55,2022/08/10 12:49
536,31,IMSS Clínica 89,00:05:00,2022/08/10 10:55,2022/08/10 12:49
537,31,Hospital Ayala ,00:05:00,2022/08/10 10:55,2022/08/10 12:49
538,306,Clínica 89 IMSS Guadalajara,00:08:00,2022/08/11 14:21,2022/08/16 14:47
539,229,Hospital General 89 IMMS,00:05:00,2022/08/29 11:28,2023/07/18 12:57
540,229,Cruz Roja,00:15:00,2022/08/29 11:28,2023/07/18 12:57
541,229,Hospital De La Santísima Trinidad,00:06:00,2022/08/29 11:28,2023/07/18 12:57
542,229,Hospital General 45 IMSS,00:06:00,2022/08/29 11:28,2023/07/18 12:57
543,229,Hospital General 46 IMSS,00:09:00,2022/08/29 11:28,2023/07/18 12:57
544,229,Ambulancias Emyo,00:05:00,2022/08/29 11:28,2023/07/18 12:57
545,309,Hospital Justo Sierra,00:05:00,2022/09/17 12:18,2023/02/25 15:33
546,309,Protección Civil y Bomberos Base Gama,00:05:00,2022/09/17 12:18,2023/02/25 15:33
547,314,cruz verde,00:03:00,2022/09/29 14:36,2023/08/28 15:04
548,274,Cruz Verde Pajaritos,00:12:00,2022/10/03 14:23,2023/08/03 10:38
549,274,Cruz Verde Marcos Montero,00:23:00,2022/10/03 14:23,2023/08/03 10:38
550,274,Hospital Civil de Guadalajara,00:46:00,2022/10/03 14:23,2023/08/03 10:38
551,82,Bomberos base 2,00:02:00,2022/10/04 09:55,2023/07/13 14:20
552,82,Hospital Versalles,00:05:00,2022/10/04 09:55,2023/07/13 14:20
553,82,IMSS Unidad Médico Familiar 51,00:06:00,2022/10/04 09:55,2023/07/13 14:20
554,82,IMSS Unidad Médico Familiar 79,00:08:00,2022/10/04 09:55,2023/07/13 14:20
555,82,Cruz Verde Delgadillo Araujo,00:08:00,2022/10/04 09:55,2023/07/13 14:20
556,312,ISSSTE,00:03:00,2022/10/18 08:25,2023/08/30 15:00
557,312,CLINICA 53 DEL IMSS,00:03:00,2022/10/18 08:25,2023/08/30 15:00
558,312,HOSPITAL CIVIL DE ZAPOPAN,00:07:00,2022/10/18 08:25,2023/08/30 15:00
559,304,cruz verde,00:15:00,2022/11/02 16:27,2022/11/02 16:56
560,278,Cruz Roja Mexicana ,00:03:00,2022/12/05 13:27,2023/07/07 15:29
561,301,Salud Mentan ,00:02:00,2022/12/05 20:41,2023/05/25 17:59
562,301,Instituto de Seguridad y Servicios Sociales de los Trabajadores del Estado,00:05:00,2022/12/05 20:41,2023/05/25 17:59
563,301,Centro de salud,00:10:00,2022/12/05 20:41,2023/05/25 17:59
564,217,Clínica IMSS No 14 HGZ,00:06:00,2022/12/13 10:21,2022/12/19 12:03
565,63,Hospital Bernardette,00:07:00,2023/01/06 09:58,2023/05/29 12:42
566,63,Hospital Bernardette,00:07:00,2023/01/06 09:58,2023/05/29 12:42
567,324,Hospital ángeles ,00:05:00,2023/01/12 11:34,2023/01/17 11:42
568,203,Unidad Médica Familiar 49,00:04:00,2023/01/17 13:04,2023/01/20 11:43
569,203,HOSPITAL DEL SAGRADO CORAZON,00:02:00,2023/01/19 15:33,2023/01/20 11:43
570,203,CRUZ VERDE UNIDAD DR. ERNESTO ARIAS,00:07:00,2023/01/19 15:33,2023/01/20 11:43
571,203,CRUZ ROJA MEXICANA IAP,00:09:00,2023/01/19 15:33,2023/01/20 11:43
572,203,HOSPITAL CIVIL NUEVO,00:10:00,2023/01/19 15:33,2023/01/20 11:43
573,203,HOSPITAL CIVIL VIEJO URGENCIAS,00:14:00,2023/01/19 15:33,2023/01/20 11:43
574,203,DIRECCIÓN DE PROTECCIÓN CIVIL Y BOMBEROS,00:10:00,2023/01/19 15:33,2023/01/20 11:43
575,203,BASE DE POLICIA MUNICIPAL GUADALAJARA,00:04:00,2023/01/19 15:33,2023/01/20 11:43
576,313,cruz roja,00:29:00,2023/01/31 10:03,2023/01/31 10:43
577,65,Hospital Puertas del Cielo,00:01:00,2023/01/31 10:35,2023/08/07 11:10
578,327,Hospital Militar,00:06:00,2023/02/14 15:52,2023/09/05 18:43
579,327,Centro Médico de Occidente,00:06:00,2023/02/14 15:52,2023/09/05 18:43
580,327,Hospital Sagrado Corazón,00:08:00,2023/02/14 15:52,2023/09/05 18:43
581,301,Módulo de protección civil,00:03:00,2023/02/15 19:40,2023/05/25 17:59
582,260,Hospital de la Santísima Trinidad,00:02:00,2023/02/17 11:12,2023/04/27 15:57
583,328,Cruz Verde Delgadillo Araujo,00:09:00,2023/02/20 00:16,2023/08/22 17:27
584,328,Hospital San Javier ,00:11:00,2023/02/20 00:16,2023/08/22 17:27
585,328,Hospital Ayala ,00:09:00,2023/02/20 00:16,2023/08/22 17:27
586,281,Hospital Terranova,00:05:00,2023/02/23 20:36,2023/07/07 10:57
587,281,Hospital San Pio,00:05:00,2023/02/23 20:36,2023/07/07 10:57
588,310,Cruz Roja y Cruz Verde,00:05:00,2023/02/25 16:00,2023/05/30 21:09
589,310,Protección Civil y Bomberos Guadalajara Base 1,00:05:00,2023/02/25 16:00,2023/05/30 21:09
590,232,Cruz Roja Mexicana ,00:10:00,2023/02/27 19:20,2023/04/19 19:25
591,232,Policia de Guadalajara ,00:03:00,2023/02/27 19:20,2023/04/19 19:25
592,232,Cruz Verde,00:09:00,2023/02/27 19:20,2023/04/19 19:25
593,232,Bomberos de Guadalajara Planta Base 1,00:04:00,2023/02/27 19:20,2023/04/19 19:25
594,331,Cruz Roja ,00:10:00,2023/02/28 17:21,2023/02/28 22:56
595,331,Seguridad pública ,00:05:00,2023/02/28 17:21,2023/02/28 22:56
596,331,Protección Civil y Bomberos,00:05:00,2023/02/28 17:21,2023/02/28 22:56
597,137,Hospital Siloé,00:40:00,2023/03/02 10:36,2023/03/13 16:13
598,333,Hospital Santa María Chapalita,00:10:00,2023/03/11 12:56,2023/07/11 15:23
599,333,Hospital Terranova,00:20:00,2023/03/11 12:56,2023/07/11 15:23
600,333,Hospital Real San Jose,00:10:00,2023/03/11 12:56,2023/07/11 15:23
601,245,Hospital General de Zapopan,00:02:00,2023/03/23 16:46,2023/08/30 15:31
602,245,Cruz Verde de Zapopan Centro,00:02:00,2023/03/23 16:46,2023/08/30 15:31
603,245,IMSS 53,00:06:00,2023/03/23 16:46,2023/08/30 15:31
604,245,ISSTE,00:09:00,2023/03/23 16:46,2023/08/30 15:31
605,245,Clínica Santa María de Guadalupe,00:01:00,2023/03/23 16:46,2023/08/30 15:31
606,247,Emergencia y Auxilio,00:08:00,2023/03/30 11:52,2023/03/30 12:10
607,247,Emergencia Medica ,00:05:00,2023/03/30 11:52,2023/03/30 12:10
608,247,Radio Patrulla,00:08:00,2023/03/30 11:52,2023/03/30 12:10
609,247,Seguridad Publica de Guadalajara ,00:12:00,2023/03/30 11:52,2023/03/30 12:10
610,247,Conmutador,00:03:00,2023/03/30 11:52,2023/03/30 12:10
611,247,Emergencias,00:06:00,2023/03/30 11:52,2023/03/30 12:10
612,247,Zona 1 Centro,00:20:00,2023/03/30 11:52,2023/03/30 12:10
613,247,Bomberos y Protección Civil emergencias,00:07:00,2023/03/30 11:52,2023/03/30 12:10
614,247,Cuartel Central de Bomberos,00:12:00,2023/03/30 11:52,2023/03/30 12:10
615,247,Protección Civil Jalisco,00:20:00,2023/03/30 11:52,2023/03/30 12:10
616,247,Servicios Médicos Cruz Verde conmutador,00:03:00,2023/03/30 11:52,2023/03/30 12:10
617,247,Emergencias,00:07:00,2023/03/30 11:52,2023/03/30 12:10
618,247,Unidad Medica Benito Juárez ,00:08:00,2023/03/30 11:52,2023/03/30 12:10
619,247,Unidad Medica Leonardo Oliva ,00:08:00,2023/03/30 11:52,2023/03/30 12:10
620,247,Unidad Medica Rivas Souza,00:08:00,2023/03/30 11:52,2023/03/30 12:10
621,247,Unidad Medica Valentín Gómez Farías,00:07:00,2023/03/30 11:52,2023/03/30 12:10
622,247,Comisión Federal de Electricidad,00:20:00,2023/03/30 11:52,2023/03/30 12:10
623,247,Servicios Médicos Cruz Roja emergencias ,00:08:00,2023/03/30 11:52,2023/03/30 12:10
624,247,Juan Manuel 52,00:08:00,2023/03/30 11:52,2023/03/30 12:10
625,247,Policía del Estado de Jalisco ,00:13:00,2023/03/30 11:52,2023/03/30 12:10
626,247,Policía Judicial ,00:10:00,2023/03/30 11:52,2023/03/30 12:10
627,269,Unidad medica morelos ,00:02:00,2023/04/19 15:19,2023/06/07 15:02
628,269,unidad de especialidades medicas ,00:06:00,2023/04/19 15:19,2023/06/07 15:02
629,269,unidad medica san Francisco ,00:12:00,2023/04/19 15:19,2023/06/07 15:02
630,122,Servicios Médicos Municipales Cruz Verde Guadalajara,00:06:00,2023/04/21 14:07,2023/09/15 14:48
631,326,Imss,00:10:00,2023/05/01 11:01,2023/08/21 17:47
632,326,Salud digna,00:10:00,2023/05/01 11:01,2023/08/21 17:47
633,337,Hospital Versalles,00:02:00,2023/06/04 13:41,2023/08/21 18:54
634,337,Policía Vial ,00:03:00,2023/06/04 13:41,2023/08/21 18:54
635,337,protección Civil y Bomberos ,00:03:00,2023/06/04 13:41,2023/08/21 18:54
636,337,Cruz Verde ,00:06:00,2023/06/04 13:41,2023/08/21 18:54
637,337,Seguridad pública ,00:08:00,2023/06/04 13:41,2023/08/21 18:54
638,296,HOSPITAL SAN JAVIER,00:02:00,2023/06/08 22:47,2023/06/27 13:24
639,296,HOSPITAL TERRANOVA,00:03:00,2023/06/08 22:47,2023/06/27 13:24
640,329,Sanatorio Guadalajara,00:03:00,2023/07/24 13:17,2023/08/01 14:53
641,177,HOSPITAL ARBOLEDAS,00:04:00,2023/07/31 19:43,2023/09/04 10:36
642,177,HOSPITAL MISION SAN FELIPE,00:03:00,2023/07/31 19:43,2023/09/04 10:36
643,342,Centro de salud Jocotán,00:05:00,2023/08/01 10:31,2023/09/12 11:50
644,342,Real San José Lázaro cárdenas,00:25:00,2023/08/01 10:31,2023/09/12 11:50
645,342,Cruz Verde ,00:10:00,2023/08/01 10:31,2023/09/12 11:50
646,342,Consultorios Chivas Verde Valle,00:03:00,2023/08/01 10:31,2023/09/12 11:50
647,342,Real San José Valle real,00:15:00,2023/08/01 10:31,2023/09/12 11:50
648,244,CRUZ ROJA MEXICANA,00:10:00,2023/08/01 20:10,2023/08/12 14:26
649,153,CRUZ VERDE MARCOS MONTERO,00:09:00,2023/08/20 13:32,2023/08/23 19:20
650,345,"Centro de  salud san agustin , salud publica",00:05:00,2023/09/14 16:45,2023/09/14 18:37
651,345,"Centro de salud santa anita, salud publica",00:07:00,2023/09/14 16:45,2023/09/14 18:37
652,345,Hospital mi gran esperanza ac,00:10:00,2023/09/14 16:45,2023/09/14 18:37
